Cement, Blast Furnace Slag, Fly Ash, Water, Superplasticizer, Coarse Aggregate, Fine Aggregate, Age (day), Concrete compressive strength (MPa) 
540.000000,0.000000,0.000000,162.000000,2.500000,1040.000000,676.000000,28.000000,79.990000
540.000000,0.000000,0.000000,162.000000,2.500000,1055.000000,676.000000,28.000000,61.890000
332.500000,142.500000,0.000000,228.000000,0.000000,932.000000,594.000000,270.000000,40.270000
332.500000,142.500000,0.000000,228.000000,0.000000,932.000000,594.000000,365.000000,41.050000
198.600000,132.400000,0.000000,192.000000,0.000000,978.400000,825.500000,360.000000,44.300000
266.000000,114.000000,0.000000,228.000000,0.000000,932.000000,670.000000,90.000000,47.030000
380.000000,95.000000,0.000000,228.000000,0.000000,932.000000,594.000000,365.000000,43.700000
380.000000,95.000000,0.000000,228.000000,0.000000,932.000000,594.000000,28.000000,36.450000
266.000000,114.000000,0.000000,228.000000,0.000000,932.000000,670.000000,28.000000,45.850000
475.000000,0.000000,0.000000,228.000000,0.000000,932.000000,594.000000,28.000000,39.290000
198.600000,132.400000,0.000000,192.000000,0.000000,978.400000,825.500000,90.000000,38.070000
198.600000,132.400000,0.000000,192.000000,0.000000,978.400000,825.500000,28.000000,28.020000
427.500000,47.500000,0.000000,228.000000,0.000000,932.000000,594.000000,270.000000,43.010000
190.000000,190.000000,0.000000,228.000000,0.000000,932.000000,670.000000,90.000000,42.330000
304.000000,76.000000,0.000000,228.000000,0.000000,932.000000,670.000000,28.000000,47.810000
380.000000,0.000000,0.000000,228.000000,0.000000,932.000000,670.000000,90.000000,52.910000
139.600000,209.400000,0.000000,192.000000,0.000000,1047.000000,806.900000,90.000000,39.360000
342.000000,38.000000,0.000000,228.000000,0.000000,932.000000,670.000000,365.000000,56.140000
380.000000,95.000000,0.000000,228.000000,0.000000,932.000000,594.000000,90.000000,40.560000
475.000000,0.000000,0.000000,228.000000,0.000000,932.000000,594.000000,180.000000,42.620000
427.500000,47.500000,0.000000,228.000000,0.000000,932.000000,594.000000,180.000000,41.840000
139.600000,209.400000,0.000000,192.000000,0.000000,1047.000000,806.900000,28.000000,28.240000
139.600000,209.400000,0.000000,192.000000,0.000000,1047.000000,806.900000,3.000000,8.060000
139.600000,209.400000,0.000000,192.000000,0.000000,1047.000000,806.900000,180.000000,44.210000
380.000000,0.000000,0.000000,228.000000,0.000000,932.000000,670.000000,365.000000,52.520000
380.000000,0.000000,0.000000,228.000000,0.000000,932.000000,670.000000,270.000000,53.300000
380.000000,95.000000,0.000000,228.000000,0.000000,932.000000,594.000000,270.000000,41.150000
342.000000,38.000000,0.000000,228.000000,0.000000,932.000000,670.000000,180.000000,52.120000
427.500000,47.500000,0.000000,228.000000,0.000000,932.000000,594.000000,28.000000,37.430000
475.000000,0.000000,0.000000,228.000000,0.000000,932.000000,594.000000,7.000000,38.600000
304.000000,76.000000,0.000000,228.000000,0.000000,932.000000,670.000000,365.000000,55.260000
266.000000,114.000000,0.000000,228.000000,0.000000,932.000000,670.000000,365.000000,52.910000
198.600000,132.400000,0.000000,192.000000,0.000000,978.400000,825.500000,180.000000,41.720000
475.000000,0.000000,0.000000,228.000000,0.000000,932.000000,594.000000,270.000000,42.130000
190.000000,190.000000,0.000000,228.000000,0.000000,932.000000,670.000000,365.000000,53.690000
237.500000,237.500000,0.000000,228.000000,0.000000,932.000000,594.000000,270.000000,38.410000
237.500000,237.500000,0.000000,228.000000,0.000000,932.000000,594.000000,28.000000,30.080000
332.500000,142.500000,0.000000,228.000000,0.000000,932.000000,594.000000,90.000000,37.720000
475.000000,0.000000,0.000000,228.000000,0.000000,932.000000,594.000000,90.000000,42.230000
237.500000,237.500000,0.000000,228.000000,0.000000,932.000000,594.000000,180.000000,36.250000
342.000000,38.000000,0.000000,228.000000,0.000000,932.000000,670.000000,90.000000,50.460000
427.500000,47.500000,0.000000,228.000000,0.000000,932.000000,594.000000,365.000000,43.700000
237.500000,237.500000,0.000000,228.000000,0.000000,932.000000,594.000000,365.000000,39.000000
380.000000,0.000000,0.000000,228.000000,0.000000,932.000000,670.000000,180.000000,53.100000
427.500000,47.500000,0.000000,228.000000,0.000000,932.000000,594.000000,90.000000,41.540000
427.500000,47.500000,0.000000,228.000000,0.000000,932.000000,594.000000,7.000000,35.080000
349.000000,0.000000,0.000000,192.000000,0.000000,1047.000000,806.900000,3.000000,15.050000
380.000000,95.000000,0.000000,228.000000,0.000000,932.000000,594.000000,180.000000,40.760000
237.500000,237.500000,0.000000,228.000000,0.000000,932.000000,594.000000,7.000000,26.260000
380.000000,95.000000,0.000000,228.000000,0.000000,932.000000,594.000000,7.000000,32.820000
332.500000,142.500000,0.000000,228.000000,0.000000,932.000000,594.000000,180.000000,39.780000
190.000000,190.000000,0.000000,228.000000,0.000000,932.000000,670.000000,180.000000,46.930000
237.500000,237.500000,0.000000,228.000000,0.000000,932.000000,594.000000,90.000000,33.120000
304.000000,76.000000,0.000000,228.000000,0.000000,932.000000,670.000000,90.000000,49.190000
139.600000,209.400000,0.000000,192.000000,0.000000,1047.000000,806.900000,7.000000,14.590000
198.600000,132.400000,0.000000,192.000000,0.000000,978.400000,825.500000,7.000000,14.640000
475.000000,0.000000,0.000000,228.000000,0.000000,932.000000,594.000000,365.000000,41.930000
198.600000,132.400000,0.000000,192.000000,0.000000,978.400000,825.500000,3.000000,9.130000
304.000000,76.000000,0.000000,228.000000,0.000000,932.000000,670.000000,180.000000,50.950000
332.500000,142.500000,0.000000,228.000000,0.000000,932.000000,594.000000,28.000000,33.020000
304.000000,76.000000,0.000000,228.000000,0.000000,932.000000,670.000000,270.000000,54.380000
266.000000,114.000000,0.000000,228.000000,0.000000,932.000000,670.000000,270.000000,51.730000
310.000000,0.000000,0.000000,192.000000,0.000000,971.000000,850.600000,3.000000,9.870000
190.000000,190.000000,0.000000,228.000000,0.000000,932.000000,670.000000,270.000000,50.660000
266.000000,114.000000,0.000000,228.000000,0.000000,932.000000,670.000000,180.000000,48.700000
342.000000,38.000000,0.000000,228.000000,0.000000,932.000000,670.000000,270.000000,55.060000
139.600000,209.400000,0.000000,192.000000,0.000000,1047.000000,806.900000,360.000000,44.700000
332.500000,142.500000,0.000000,228.000000,0.000000,932.000000,594.000000,7.000000,30.280000
190.000000,190.000000,0.000000,228.000000,0.000000,932.000000,670.000000,28.000000,40.860000
485.000000,0.000000,0.000000,146.000000,0.000000,1120.000000,800.000000,28.000000,71.990000
374.000000,189.200000,0.000000,170.100000,10.100000,926.100000,756.700000,3.000000,34.400000
313.300000,262.200000,0.000000,175.500000,8.600000,1046.900000,611.800000,3.000000,28.800000
425.000000,106.300000,0.000000,153.500000,16.500000,852.100000,887.100000,3.000000,33.400000
425.000000,106.300000,0.000000,151.400000,18.600000,936.000000,803.700000,3.000000,36.300000
375.000000,93.800000,0.000000,126.600000,23.400000,852.100000,992.600000,3.000000,29.000000
475.000000,118.800000,0.000000,181.100000,8.900000,852.100000,781.500000,3.000000,37.800000
469.000000,117.200000,0.000000,137.800000,32.200000,852.100000,840.500000,3.000000,40.200000
425.000000,106.300000,0.000000,153.500000,16.500000,852.100000,887.100000,3.000000,33.400000
388.600000,97.100000,0.000000,157.900000,12.100000,852.100000,925.700000,3.000000,28.100000
531.300000,0.000000,0.000000,141.800000,28.200000,852.100000,893.700000,3.000000,41.300000
425.000000,106.300000,0.000000,153.500000,16.500000,852.100000,887.100000,3.000000,33.400000
318.800000,212.500000,0.000000,155.700000,14.300000,852.100000,880.400000,3.000000,25.200000
401.800000,94.700000,0.000000,147.400000,11.400000,946.800000,852.100000,3.000000,41.100000
362.600000,189.000000,0.000000,164.900000,11.600000,944.700000,755.800000,3.000000,35.300000
323.700000,282.800000,0.000000,183.800000,10.300000,942.700000,659.900000,3.000000,28.300000
379.500000,151.200000,0.000000,153.900000,15.900000,1134.300000,605.000000,3.000000,28.600000
362.600000,189.000000,0.000000,164.900000,11.600000,944.700000,755.800000,3.000000,35.300000
286.300000,200.900000,0.000000,144.700000,11.200000,1004.600000,803.700000,3.000000,24.400000
362.600000,189.000000,0.000000,164.900000,11.600000,944.700000,755.800000,3.000000,35.300000
439.000000,177.000000,0.000000,186.000000,11.100000,884.900000,707.900000,3.000000,39.300000
389.900000,189.000000,0.000000,145.900000,22.000000,944.700000,755.800000,3.000000,40.600000
362.600000,189.000000,0.000000,164.900000,11.600000,944.700000,755.800000,3.000000,35.300000
337.900000,189.000000,0.000000,174.900000,9.500000,944.700000,755.800000,3.000000,24.100000
374.000000,189.200000,0.000000,170.100000,10.100000,926.100000,756.700000,7.000000,46.200000
313.300000,262.200000,0.000000,175.500000,8.600000,1046.900000,611.800000,7.000000,42.800000
425.000000,106.300000,0.000000,153.500000,16.500000,852.100000,887.100000,7.000000,49.200000
425.000000,106.300000,0.000000,151.400000,18.600000,936.000000,803.700000,7.000000,46.800000
375.000000,93.800000,0.000000,126.600000,23.400000,852.100000,992.600000,7.000000,45.700000
475.000000,118.800000,0.000000,181.100000,8.900000,852.100000,781.500000,7.000000,55.600000
469.000000,117.200000,0.000000,137.800000,32.200000,852.100000,840.500000,7.000000,54.900000
425.000000,106.300000,0.000000,153.500000,16.500000,852.100000,887.100000,7.000000,49.200000
388.600000,97.100000,0.000000,157.900000,12.100000,852.100000,925.700000,7.000000,34.900000
531.300000,0.000000,0.000000,141.800000,28.200000,852.100000,893.700000,7.000000,46.900000
425.000000,106.300000,0.000000,153.500000,16.500000,852.100000,887.100000,7.000000,49.200000
318.800000,212.500000,0.000000,155.700000,14.300000,852.100000,880.400000,7.000000,33.400000
401.800000,94.700000,0.000000,147.400000,11.400000,946.800000,852.100000,7.000000,54.100000
362.600000,189.000000,0.000000,164.900000,11.600000,944.700000,755.800000,7.000000,55.900000
323.700000,282.800000,0.000000,183.800000,10.300000,942.700000,659.900000,7.000000,49.800000
379.500000,151.200000,0.000000,153.900000,15.900000,1134.300000,605.000000,7.000000,47.100000
362.600000,189.000000,0.000000,164.900000,11.600000,944.700000,755.800000,7.000000,55.900000
286.300000,200.900000,0.000000,144.700000,11.200000,1004.600000,803.700000,7.000000,38.000000
362.600000,189.000000,0.000000,164.900000,11.600000,944.700000,755.800000,7.000000,55.900000
439.000000,177.000000,0.000000,186.000000,11.100000,884.900000,707.900000,7.000000,56.100000
389.900000,189.000000,0.000000,145.900000,22.000000,944.700000,755.800000,7.000000,59.090000
362.600000,189.000000,0.000000,164.900000,11.600000,944.700000,755.800000,7.000000,22.900000
337.900000,189.000000,0.000000,174.900000,9.500000,944.700000,755.800000,7.000000,35.100000
374.000000,189.200000,0.000000,170.100000,10.100000,926.100000,756.700000,28.000000,61.090000
313.300000,262.200000,0.000000,175.500000,8.600000,1046.900000,611.800000,28.000000,59.800000
425.000000,106.300000,0.000000,153.500000,16.500000,852.100000,887.100000,28.000000,60.290000
425.000000,106.300000,0.000000,151.400000,18.600000,936.000000,803.700000,28.000000,61.800000
375.000000,93.800000,0.000000,126.600000,23.400000,852.100000,992.600000,28.000000,56.700000
475.000000,118.800000,0.000000,181.100000,8.900000,852.100000,781.500000,28.000000,68.300000
469.000000,117.200000,0.000000,137.800000,32.200000,852.100000,840.500000,28.000000,66.900000
425.000000,106.300000,0.000000,153.500000,16.500000,852.100000,887.100000,28.000000,60.290000
388.600000,97.100000,0.000000,157.900000,12.100000,852.100000,925.700000,28.000000,50.700000
531.300000,0.000000,0.000000,141.800000,28.200000,852.100000,893.700000,28.000000,56.400000
425.000000,106.300000,0.000000,153.500000,16.500000,852.100000,887.100000,28.000000,60.290000
318.800000,212.500000,0.000000,155.700000,14.300000,852.100000,880.400000,28.000000,55.500000
401.800000,94.700000,0.000000,147.400000,11.400000,946.800000,852.100000,28.000000,68.500000
362.600000,189.000000,0.000000,164.900000,11.600000,944.700000,755.800000,28.000000,71.300000
323.700000,282.800000,0.000000,183.800000,10.300000,942.700000,659.900000,28.000000,74.700000
379.500000,151.200000,0.000000,153.900000,15.900000,1134.300000,605.000000,28.000000,52.200000
362.600000,189.000000,0.000000,164.900000,11.600000,944.700000,755.800000,28.000000,71.300000
286.300000,200.900000,0.000000,144.700000,11.200000,1004.600000,803.700000,28.000000,67.700000
362.600000,189.000000,0.000000,164.900000,11.600000,944.700000,755.800000,28.000000,71.300000
439.000000,177.000000,0.000000,186.000000,11.100000,884.900000,707.900000,28.000000,66.000000
389.900000,189.000000,0.000000,145.900000,22.000000,944.700000,755.800000,28.000000,74.500000
362.600000,189.000000,0.000000,164.900000,11.600000,944.700000,755.800000,28.000000,71.300000
337.900000,189.000000,0.000000,174.900000,9.500000,944.700000,755.800000,28.000000,49.900000
374.000000,189.200000,0.000000,170.100000,10.100000,926.100000,756.700000,56.000000,63.400000
313.300000,262.200000,0.000000,175.500000,8.600000,1046.900000,611.800000,56.000000,64.900000
425.000000,106.300000,0.000000,153.500000,16.500000,852.100000,887.100000,56.000000,64.300000
425.000000,106.300000,0.000000,151.400000,18.600000,936.000000,803.700000,56.000000,64.900000
375.000000,93.800000,0.000000,126.600000,23.400000,852.100000,992.600000,56.000000,60.200000
475.000000,118.800000,0.000000,181.100000,8.900000,852.100000,781.500000,56.000000,72.300000
469.000000,117.200000,0.000000,137.800000,32.200000,852.100000,840.500000,56.000000,69.300000
425.000000,106.300000,0.000000,153.500000,16.500000,852.100000,887.100000,56.000000,64.300000
388.600000,97.100000,0.000000,157.900000,12.100000,852.100000,925.700000,56.000000,55.200000
531.300000,0.000000,0.000000,141.800000,28.200000,852.100000,893.700000,56.000000,58.800000
425.000000,106.300000,0.000000,153.500000,16.500000,852.100000,887.100000,56.000000,64.300000
318.800000,212.500000,0.000000,155.700000,14.300000,852.100000,880.400000,56.000000,66.100000
401.800000,94.700000,0.000000,147.400000,11.400000,946.800000,852.100000,56.000000,73.700000
362.600000,189.000000,0.000000,164.900000,11.600000,944.700000,755.800000,56.000000,77.300000
323.700000,282.800000,0.000000,183.800000,10.300000,942.700000,659.900000,56.000000,80.200000
379.500000,151.200000,0.000000,153.900000,15.900000,1134.300000,605.000000,56.000000,54.900000
362.600000,189.000000,0.000000,164.900000,11.600000,944.700000,755.800000,56.000000,77.300000
286.300000,200.900000,0.000000,144.700000,11.200000,1004.600000,803.700000,56.000000,72.990000
362.600000,189.000000,0.000000,164.900000,11.600000,944.700000,755.800000,56.000000,77.300000
439.000000,177.000000,0.000000,186.000000,11.100000,884.900000,707.900000,56.000000,71.700000
389.900000,189.000000,0.000000,145.900000,22.000000,944.700000,755.800000,56.000000,79.400000
362.600000,189.000000,0.000000,164.900000,11.600000,944.700000,755.800000,56.000000,77.300000
337.900000,189.000000,0.000000,174.900000,9.500000,944.700000,755.800000,56.000000,59.890000
374.000000,189.200000,0.000000,170.100000,10.100000,926.100000,756.700000,91.000000,64.900000
313.300000,262.200000,0.000000,175.500000,8.600000,1046.900000,611.800000,91.000000,66.600000
425.000000,106.300000,0.000000,153.500000,16.500000,852.100000,887.100000,91.000000,65.200000
425.000000,106.300000,0.000000,151.400000,18.600000,936.000000,803.700000,91.000000,66.700000
375.000000,93.800000,0.000000,126.600000,23.400000,852.100000,992.600000,91.000000,62.500000
475.000000,118.800000,0.000000,181.100000,8.900000,852.100000,781.500000,91.000000,74.190000
469.000000,117.200000,0.000000,137.800000,32.200000,852.100000,840.500000,91.000000,70.700000
425.000000,106.300000,0.000000,153.500000,16.500000,852.100000,887.100000,91.000000,65.200000
388.600000,97.100000,0.000000,157.900000,12.100000,852.100000,925.700000,91.000000,57.600000
531.300000,0.000000,0.000000,141.800000,28.200000,852.100000,893.700000,91.000000,59.200000
425.000000,106.300000,0.000000,153.500000,16.500000,852.100000,887.100000,91.000000,65.200000
318.800000,212.500000,0.000000,155.700000,14.300000,852.100000,880.400000,91.000000,68.100000
401.800000,94.700000,0.000000,147.400000,11.400000,946.800000,852.100000,91.000000,75.500000
362.600000,189.000000,0.000000,164.900000,11.600000,944.700000,755.800000,91.000000,79.300000
379.500000,151.200000,0.000000,153.900000,15.900000,1134.300000,605.000000,91.000000,56.500000
362.600000,189.000000,0.000000,164.900000,11.600000,944.700000,755.800000,91.000000,79.300000
286.300000,200.900000,0.000000,144.700000,11.200000,1004.600000,803.700000,91.000000,76.800000
362.600000,189.000000,0.000000,164.900000,11.600000,944.700000,755.800000,91.000000,79.300000
439.000000,177.000000,0.000000,186.000000,11.100000,884.900000,707.900000,91.000000,73.300000
389.900000,189.000000,0.000000,145.900000,22.000000,944.700000,755.800000,91.000000,82.600000
362.600000,189.000000,0.000000,164.900000,11.600000,944.700000,755.800000,91.000000,79.300000
337.900000,189.000000,0.000000,174.900000,9.500000,944.700000,755.800000,91.000000,67.800000
222.400000,0.000000,96.700000,189.300000,4.500000,967.100000,870.300000,3.000000,11.580000
222.400000,0.000000,96.700000,189.300000,4.500000,967.100000,870.300000,14.000000,24.450000
222.400000,0.000000,96.700000,189.300000,4.500000,967.100000,870.300000,28.000000,24.890000
222.400000,0.000000,96.700000,189.300000,4.500000,967.100000,870.300000,56.000000,29.450000
222.400000,0.000000,96.700000,189.300000,4.500000,967.100000,870.300000,100.000000,40.710000
233.800000,0.000000,94.600000,197.900000,4.600000,947.000000,852.200000,3.000000,10.380000
233.800000,0.000000,94.600000,197.900000,4.600000,947.000000,852.200000,14.000000,22.140000
233.800000,0.000000,94.600000,197.900000,4.600000,947.000000,852.200000,28.000000,22.840000
233.800000,0.000000,94.600000,197.900000,4.600000,947.000000,852.200000,56.000000,27.660000
233.800000,0.000000,94.600000,197.900000,4.600000,947.000000,852.200000,100.000000,34.560000
194.700000,0.000000,100.500000,165.600000,7.500000,1006.400000,905.900000,3.000000,12.450000
194.700000,0.000000,100.500000,165.600000,7.500000,1006.400000,905.900000,14.000000,24.990000
194.700000,0.000000,100.500000,165.600000,7.500000,1006.400000,905.900000,28.000000,25.720000
194.700000,0.000000,100.500000,165.600000,7.500000,1006.400000,905.900000,56.000000,33.960000
194.700000,0.000000,100.500000,165.600000,7.500000,1006.400000,905.900000,100.000000,37.340000
190.700000,0.000000,125.400000,162.100000,7.800000,1090.000000,804.000000,3.000000,15.040000
190.700000,0.000000,125.400000,162.100000,7.800000,1090.000000,804.000000,14.000000,21.060000
190.700000,0.000000,125.400000,162.100000,7.800000,1090.000000,804.000000,28.000000,26.400000
190.700000,0.000000,125.400000,162.100000,7.800000,1090.000000,804.000000,56.000000,35.340000
190.700000,0.000000,125.400000,162.100000,7.800000,1090.000000,804.000000,100.000000,40.570000
212.100000,0.000000,121.600000,180.300000,5.700000,1057.600000,779.300000,3.000000,12.470000
212.100000,0.000000,121.600000,180.300000,5.700000,1057.600000,779.300000,14.000000,20.920000
212.100000,0.000000,121.600000,180.300000,5.700000,1057.600000,779.300000,28.000000,24.900000
212.100000,0.000000,121.600000,180.300000,5.700000,1057.600000,779.300000,56.000000,34.200000
212.100000,0.000000,121.600000,180.300000,5.700000,1057.600000,779.300000,100.000000,39.610000
230.000000,0.000000,118.300000,195.500000,4.600000,1029.400000,758.600000,3.000000,10.030000
230.000000,0.000000,118.300000,195.500000,4.600000,1029.400000,758.600000,14.000000,20.080000
230.000000,0.000000,118.300000,195.500000,4.600000,1029.400000,758.600000,28.000000,24.480000
230.000000,0.000000,118.300000,195.500000,4.600000,1029.400000,758.600000,56.000000,31.540000
230.000000,0.000000,118.300000,195.500000,4.600000,1029.400000,758.600000,100.000000,35.340000
190.300000,0.000000,125.200000,161.900000,9.900000,1088.100000,802.600000,3.000000,9.450000
190.300000,0.000000,125.200000,161.900000,9.900000,1088.100000,802.600000,14.000000,22.720000
190.300000,0.000000,125.200000,161.900000,9.900000,1088.100000,802.600000,28.000000,28.470000
190.300000,0.000000,125.200000,161.900000,9.900000,1088.100000,802.600000,56.000000,38.560000
190.300000,0.000000,125.200000,161.900000,9.900000,1088.100000,802.600000,100.000000,40.390000
166.100000,0.000000,163.300000,176.500000,4.500000,1058.600000,780.100000,3.000000,10.760000
166.100000,0.000000,163.300000,176.500000,4.500000,1058.600000,780.100000,14.000000,25.480000
166.100000,0.000000,163.300000,176.500000,4.500000,1058.600000,780.100000,28.000000,21.540000
166.100000,0.000000,163.300000,176.500000,4.500000,1058.600000,780.100000,56.000000,28.630000
166.100000,0.000000,163.300000,176.500000,4.500000,1058.600000,780.100000,100.000000,33.540000
168.000000,42.100000,163.800000,121.800000,5.700000,1058.700000,780.100000,3.000000,7.750000
168.000000,42.100000,163.800000,121.800000,5.700000,1058.700000,780.100000,14.000000,17.820000
168.000000,42.100000,163.800000,121.800000,5.700000,1058.700000,780.100000,28.000000,24.240000
168.000000,42.100000,163.800000,121.800000,5.700000,1058.700000,780.100000,56.000000,32.850000
168.000000,42.100000,163.800000,121.800000,5.700000,1058.700000,780.100000,100.000000,39.230000
213.700000,98.100000,24.500000,181.700000,6.900000,1065.800000,785.400000,3.000000,18.000000
213.700000,98.100000,24.500000,181.700000,6.900000,1065.800000,785.400000,14.000000,30.390000
213.700000,98.100000,24.500000,181.700000,6.900000,1065.800000,785.400000,28.000000,45.710000
213.700000,98.100000,24.500000,181.700000,6.900000,1065.800000,785.400000,56.000000,50.770000
213.700000,98.100000,24.500000,181.700000,6.900000,1065.800000,785.400000,100.000000,53.900000
213.800000,98.100000,24.500000,181.700000,6.700000,1066.000000,785.500000,3.000000,13.180000
213.800000,98.100000,24.500000,181.700000,6.700000,1066.000000,785.500000,14.000000,17.840000
213.800000,98.100000,24.500000,181.700000,6.700000,1066.000000,785.500000,28.000000,40.230000
213.800000,98.100000,24.500000,181.700000,6.700000,1066.000000,785.500000,56.000000,47.130000
213.800000,98.100000,24.500000,181.700000,6.700000,1066.000000,785.500000,100.000000,49.970000
229.700000,0.000000,118.200000,195.200000,6.100000,1028.100000,757.600000,3.000000,13.360000
229.700000,0.000000,118.200000,195.200000,6.100000,1028.100000,757.600000,14.000000,22.320000
229.700000,0.000000,118.200000,195.200000,6.100000,1028.100000,757.600000,28.000000,24.540000
229.700000,0.000000,118.200000,195.200000,6.100000,1028.100000,757.600000,56.000000,31.350000
229.700000,0.000000,118.200000,195.200000,6.100000,1028.100000,757.600000,100.000000,40.860000
238.100000,0.000000,94.100000,186.700000,7.000000,949.900000,847.000000,3.000000,19.930000
238.100000,0.000000,94.100000,186.700000,7.000000,949.900000,847.000000,14.000000,25.690000
238.100000,0.000000,94.100000,186.700000,7.000000,949.900000,847.000000,28.000000,30.230000
238.100000,0.000000,94.100000,186.700000,7.000000,949.900000,847.000000,56.000000,39.590000
238.100000,0.000000,94.100000,186.700000,7.000000,949.900000,847.000000,100.000000,44.300000
250.000000,0.000000,95.700000,187.400000,5.500000,956.900000,861.200000,3.000000,13.820000
250.000000,0.000000,95.700000,187.400000,5.500000,956.900000,861.200000,14.000000,24.920000
250.000000,0.000000,95.700000,187.400000,5.500000,956.900000,861.200000,28.000000,29.220000
250.000000,0.000000,95.700000,187.400000,5.500000,956.900000,861.200000,56.000000,38.330000
250.000000,0.000000,95.700000,187.400000,5.500000,956.900000,861.200000,100.000000,42.350000
212.500000,0.000000,100.400000,159.300000,8.700000,1007.800000,903.600000,3.000000,13.540000
212.500000,0.000000,100.400000,159.300000,8.700000,1007.800000,903.600000,14.000000,26.310000
212.500000,0.000000,100.400000,159.300000,8.700000,1007.800000,903.600000,28.000000,31.640000
212.500000,0.000000,100.400000,159.300000,8.700000,1007.800000,903.600000,56.000000,42.550000
212.500000,0.000000,100.400000,159.300000,8.700000,1007.800000,903.600000,100.000000,42.920000
212.600000,0.000000,100.400000,159.400000,10.400000,1003.800000,903.800000,3.000000,13.330000
212.600000,0.000000,100.400000,159.400000,10.400000,1003.800000,903.800000,14.000000,25.370000
212.600000,0.000000,100.400000,159.400000,10.400000,1003.800000,903.800000,28.000000,37.400000
212.600000,0.000000,100.400000,159.400000,10.400000,1003.800000,903.800000,56.000000,44.400000
212.600000,0.000000,100.400000,159.400000,10.400000,1003.800000,903.800000,100.000000,47.740000
212.000000,0.000000,124.800000,159.000000,7.800000,1085.400000,799.500000,3.000000,19.520000
212.000000,0.000000,124.800000,159.000000,7.800000,1085.400000,799.500000,14.000000,31.350000
212.000000,0.000000,124.800000,159.000000,7.800000,1085.400000,799.500000,28.000000,38.500000
212.000000,0.000000,124.800000,159.000000,7.800000,1085.400000,799.500000,56.000000,45.080000
212.000000,0.000000,124.800000,159.000000,7.800000,1085.400000,799.500000,100.000000,47.820000
231.800000,0.000000,121.600000,174.000000,6.700000,1056.400000,778.500000,3.000000,15.440000
231.800000,0.000000,121.600000,174.000000,6.700000,1056.400000,778.500000,14.000000,26.770000
231.800000,0.000000,121.600000,174.000000,6.700000,1056.400000,778.500000,28.000000,33.730000
231.800000,0.000000,121.600000,174.000000,6.700000,1056.400000,778.500000,56.000000,42.700000
231.800000,0.000000,121.600000,174.000000,6.700000,1056.400000,778.500000,100.000000,45.840000
251.400000,0.000000,118.300000,188.500000,5.800000,1028.400000,757.700000,3.000000,17.220000
251.400000,0.000000,118.300000,188.500000,5.800000,1028.400000,757.700000,14.000000,29.930000
251.400000,0.000000,118.300000,188.500000,5.800000,1028.400000,757.700000,28.000000,29.650000
251.400000,0.000000,118.300000,188.500000,5.800000,1028.400000,757.700000,56.000000,36.970000
251.400000,0.000000,118.300000,188.500000,5.800000,1028.400000,757.700000,100.000000,43.580000
251.400000,0.000000,118.300000,188.500000,6.400000,1028.400000,757.700000,3.000000,13.120000
251.400000,0.000000,118.300000,188.500000,6.400000,1028.400000,757.700000,14.000000,24.430000
251.400000,0.000000,118.300000,188.500000,6.400000,1028.400000,757.700000,28.000000,32.660000
251.400000,0.000000,118.300000,188.500000,6.400000,1028.400000,757.700000,56.000000,36.640000
251.400000,0.000000,118.300000,188.500000,6.400000,1028.400000,757.700000,100.000000,44.210000
181.400000,0.000000,167.000000,169.600000,7.600000,1055.600000,777.800000,3.000000,13.620000
181.400000,0.000000,167.000000,169.600000,7.600000,1055.600000,777.800000,14.000000,21.600000
181.400000,0.000000,167.000000,169.600000,7.600000,1055.600000,777.800000,28.000000,27.770000
181.400000,0.000000,167.000000,169.600000,7.600000,1055.600000,777.800000,56.000000,35.570000
181.400000,0.000000,167.000000,169.600000,7.600000,1055.600000,777.800000,100.000000,45.370000
182.000000,45.200000,122.000000,170.200000,8.200000,1059.400000,780.700000,3.000000,7.320000
182.000000,45.200000,122.000000,170.200000,8.200000,1059.400000,780.700000,14.000000,21.500000
182.000000,45.200000,122.000000,170.200000,8.200000,1059.400000,780.700000,28.000000,31.270000
182.000000,45.200000,122.000000,170.200000,8.200000,1059.400000,780.700000,56.000000,43.500000
182.000000,45.200000,122.000000,170.200000,8.200000,1059.400000,780.700000,100.000000,48.670000
168.900000,42.200000,124.300000,158.300000,10.800000,1080.800000,796.200000,3.000000,7.400000
168.900000,42.200000,124.300000,158.300000,10.800000,1080.800000,796.200000,14.000000,23.510000
168.900000,42.200000,124.300000,158.300000,10.800000,1080.800000,796.200000,28.000000,31.120000
168.900000,42.200000,124.300000,158.300000,10.800000,1080.800000,796.200000,56.000000,39.150000
168.900000,42.200000,124.300000,158.300000,10.800000,1080.800000,796.200000,100.000000,48.150000
290.400000,0.000000,96.200000,168.100000,9.400000,961.200000,865.000000,3.000000,22.500000
290.400000,0.000000,96.200000,168.100000,9.400000,961.200000,865.000000,14.000000,34.670000
290.400000,0.000000,96.200000,168.100000,9.400000,961.200000,865.000000,28.000000,34.740000
290.400000,0.000000,96.200000,168.100000,9.400000,961.200000,865.000000,56.000000,45.080000
290.400000,0.000000,96.200000,168.100000,9.400000,961.200000,865.000000,100.000000,48.970000
277.100000,0.000000,97.400000,160.600000,11.800000,973.900000,875.600000,3.000000,23.140000
277.100000,0.000000,97.400000,160.600000,11.800000,973.900000,875.600000,14.000000,41.890000
277.100000,0.000000,97.400000,160.600000,11.800000,973.900000,875.600000,28.000000,48.280000
277.100000,0.000000,97.400000,160.600000,11.800000,973.900000,875.600000,56.000000,51.040000
277.100000,0.000000,97.400000,160.600000,11.800000,973.900000,875.600000,100.000000,55.640000
295.700000,0.000000,95.600000,171.500000,8.900000,955.100000,859.200000,3.000000,22.950000
295.700000,0.000000,95.600000,171.500000,8.900000,955.100000,859.200000,14.000000,35.230000
295.700000,0.000000,95.600000,171.500000,8.900000,955.100000,859.200000,28.000000,39.940000
295.700000,0.000000,95.600000,171.500000,8.900000,955.100000,859.200000,56.000000,48.720000
295.700000,0.000000,95.600000,171.500000,8.900000,955.100000,859.200000,100.000000,52.040000
251.800000,0.000000,99.900000,146.100000,12.400000,1006.000000,899.800000,3.000000,21.020000
251.800000,0.000000,99.900000,146.100000,12.400000,1006.000000,899.800000,14.000000,33.360000
251.800000,0.000000,99.900000,146.100000,12.400000,1006.000000,899.800000,28.000000,33.940000
251.800000,0.000000,99.900000,146.100000,12.400000,1006.000000,899.800000,56.000000,44.140000
251.800000,0.000000,99.900000,146.100000,12.400000,1006.000000,899.800000,100.000000,45.370000
249.100000,0.000000,98.800000,158.100000,12.800000,987.800000,889.000000,3.000000,15.360000
249.100000,0.000000,98.800000,158.100000,12.800000,987.800000,889.000000,14.000000,28.680000
249.100000,0.000000,98.800000,158.100000,12.800000,987.800000,889.000000,28.000000,30.850000
249.100000,0.000000,98.800000,158.100000,12.800000,987.800000,889.000000,56.000000,42.030000
249.100000,0.000000,98.800000,158.100000,12.800000,987.800000,889.000000,100.000000,51.060000
252.300000,0.000000,98.800000,146.300000,14.200000,987.800000,889.000000,3.000000,21.780000
252.300000,0.000000,98.800000,146.300000,14.200000,987.800000,889.000000,14.000000,42.290000
252.300000,0.000000,98.800000,146.300000,14.200000,987.800000,889.000000,28.000000,50.600000
252.300000,0.000000,98.800000,146.300000,14.200000,987.800000,889.000000,56.000000,55.830000
252.300000,0.000000,98.800000,146.300000,14.200000,987.800000,889.000000,100.000000,60.950000
246.800000,0.000000,125.100000,143.300000,12.000000,1086.800000,800.900000,3.000000,23.520000
246.800000,0.000000,125.100000,143.300000,12.000000,1086.800000,800.900000,14.000000,42.220000
246.800000,0.000000,125.100000,143.300000,12.000000,1086.800000,800.900000,28.000000,52.500000
246.800000,0.000000,125.100000,143.300000,12.000000,1086.800000,800.900000,56.000000,60.320000
246.800000,0.000000,125.100000,143.300000,12.000000,1086.800000,800.900000,100.000000,66.420000
275.100000,0.000000,121.400000,159.500000,9.900000,1053.600000,777.500000,3.000000,23.800000
275.100000,0.000000,121.400000,159.500000,9.900000,1053.600000,777.500000,14.000000,38.770000
275.100000,0.000000,121.400000,159.500000,9.900000,1053.600000,777.500000,28.000000,51.330000
275.100000,0.000000,121.400000,159.500000,9.900000,1053.600000,777.500000,56.000000,56.850000
275.100000,0.000000,121.400000,159.500000,9.900000,1053.600000,777.500000,100.000000,58.610000
297.200000,0.000000,117.500000,174.800000,9.500000,1022.800000,753.500000,3.000000,21.910000
297.200000,0.000000,117.500000,174.800000,9.500000,1022.800000,753.500000,14.000000,36.990000
297.200000,0.000000,117.500000,174.800000,9.500000,1022.800000,753.500000,28.000000,47.400000
297.200000,0.000000,117.500000,174.800000,9.500000,1022.800000,753.500000,56.000000,51.960000
297.200000,0.000000,117.500000,174.800000,9.500000,1022.800000,753.500000,100.000000,56.740000
213.700000,0.000000,174.700000,154.800000,10.200000,1053.500000,776.400000,3.000000,17.570000
213.700000,0.000000,174.700000,154.800000,10.200000,1053.500000,776.400000,14.000000,33.730000
213.700000,0.000000,174.700000,154.800000,10.200000,1053.500000,776.400000,28.000000,40.150000
213.700000,0.000000,174.700000,154.800000,10.200000,1053.500000,776.400000,56.000000,46.640000
213.700000,0.000000,174.700000,154.800000,10.200000,1053.500000,776.400000,100.000000,50.080000
213.500000,0.000000,174.200000,154.600000,11.700000,1052.300000,775.500000,3.000000,17.370000
213.500000,0.000000,174.200000,154.600000,11.700000,1052.300000,775.500000,14.000000,33.700000
213.500000,0.000000,174.200000,154.600000,11.700000,1052.300000,775.500000,28.000000,45.940000
213.500000,0.000000,174.200000,154.600000,11.700000,1052.300000,775.500000,56.000000,51.430000
213.500000,0.000000,174.200000,154.600000,11.700000,1052.300000,775.500000,100.000000,59.300000
277.200000,97.800000,24.500000,160.700000,11.200000,1061.700000,782.500000,3.000000,30.450000
277.200000,97.800000,24.500000,160.700000,11.200000,1061.700000,782.500000,14.000000,47.710000
277.200000,97.800000,24.500000,160.700000,11.200000,1061.700000,782.500000,28.000000,63.140000
277.200000,97.800000,24.500000,160.700000,11.200000,1061.700000,782.500000,56.000000,66.820000
277.200000,97.800000,24.500000,160.700000,11.200000,1061.700000,782.500000,100.000000,66.950000
218.200000,54.600000,123.800000,140.800000,11.900000,1075.700000,792.700000,3.000000,27.420000
218.200000,54.600000,123.800000,140.800000,11.900000,1075.700000,792.700000,14.000000,35.960000
218.200000,54.600000,123.800000,140.800000,11.900000,1075.700000,792.700000,28.000000,55.510000
218.200000,54.600000,123.800000,140.800000,11.900000,1075.700000,792.700000,56.000000,61.990000
218.200000,54.600000,123.800000,140.800000,11.900000,1075.700000,792.700000,100.000000,63.530000
214.900000,53.800000,121.900000,155.600000,9.600000,1014.300000,780.600000,3.000000,18.020000
214.900000,53.800000,121.900000,155.600000,9.600000,1014.300000,780.600000,14.000000,38.600000
214.900000,53.800000,121.900000,155.600000,9.600000,1014.300000,780.600000,28.000000,52.200000
214.900000,53.800000,121.900000,155.600000,9.600000,1014.300000,780.600000,56.000000,53.960000
214.900000,53.800000,121.900000,155.600000,9.600000,1014.300000,780.600000,100.000000,56.630000
218.900000,0.000000,124.100000,158.500000,11.300000,1078.700000,794.900000,3.000000,15.340000
218.900000,0.000000,124.100000,158.500000,11.300000,1078.700000,794.900000,14.000000,26.050000
218.900000,0.000000,124.100000,158.500000,11.300000,1078.700000,794.900000,28.000000,30.220000
218.900000,0.000000,124.100000,158.500000,11.300000,1078.700000,794.900000,56.000000,37.270000
218.900000,0.000000,124.100000,158.500000,11.300000,1078.700000,794.900000,100.000000,46.230000
376.000000,0.000000,0.000000,214.600000,0.000000,1003.500000,762.400000,3.000000,16.280000
376.000000,0.000000,0.000000,214.600000,0.000000,1003.500000,762.400000,14.000000,25.620000
376.000000,0.000000,0.000000,214.600000,0.000000,1003.500000,762.400000,28.000000,31.970000
376.000000,0.000000,0.000000,214.600000,0.000000,1003.500000,762.400000,56.000000,36.300000
376.000000,0.000000,0.000000,214.600000,0.000000,1003.500000,762.400000,100.000000,43.060000
500.000000,0.000000,0.000000,140.000000,4.000000,966.000000,853.000000,28.000000,67.570000
475.000000,0.000000,59.000000,142.000000,1.900000,1098.000000,641.000000,28.000000,57.230000
315.000000,137.000000,0.000000,145.000000,5.900000,1130.000000,745.000000,28.000000,81.750000
505.000000,0.000000,60.000000,195.000000,0.000000,1030.000000,630.000000,28.000000,64.020000
451.000000,0.000000,0.000000,165.000000,11.300000,1030.000000,745.000000,28.000000,78.800000
516.000000,0.000000,0.000000,162.000000,8.200000,801.000000,802.000000,28.000000,41.370000
520.000000,0.000000,0.000000,170.000000,5.200000,855.000000,855.000000,28.000000,60.280000
528.000000,0.000000,0.000000,185.000000,6.900000,920.000000,720.000000,28.000000,56.830000
520.000000,0.000000,0.000000,175.000000,5.200000,870.000000,805.000000,28.000000,51.020000
385.000000,0.000000,136.000000,158.000000,20.000000,903.000000,768.000000,28.000000,55.550000
500.100000,0.000000,0.000000,200.000000,3.000000,1124.400000,613.200000,28.000000,44.130000
450.100000,50.000000,0.000000,200.000000,3.000000,1124.400000,613.200000,28.000000,39.380000
397.000000,17.200000,158.000000,167.000000,20.800000,967.000000,633.000000,28.000000,55.650000
333.000000,17.500000,163.000000,167.000000,17.900000,996.000000,652.000000,28.000000,47.280000
334.000000,17.600000,158.000000,189.000000,15.300000,967.000000,633.000000,28.000000,44.330000
405.000000,0.000000,0.000000,175.000000,0.000000,1120.000000,695.000000,28.000000,52.300000
200.000000,200.000000,0.000000,190.000000,0.000000,1145.000000,660.000000,28.000000,49.250000
516.000000,0.000000,0.000000,162.000000,8.300000,801.000000,802.000000,28.000000,41.370000
145.000000,116.000000,119.000000,184.000000,5.700000,833.000000,880.000000,28.000000,29.160000
160.000000,128.000000,122.000000,182.000000,6.400000,824.000000,879.000000,28.000000,39.400000
234.000000,156.000000,0.000000,189.000000,5.900000,981.000000,760.000000,28.000000,39.300000
250.000000,180.000000,95.000000,159.000000,9.500000,860.000000,800.000000,28.000000,67.870000
475.000000,0.000000,0.000000,162.000000,9.500000,1044.000000,662.000000,28.000000,58.520000
285.000000,190.000000,0.000000,163.000000,7.600000,1031.000000,685.000000,28.000000,53.580000
356.000000,119.000000,0.000000,160.000000,9.000000,1061.000000,657.000000,28.000000,59.000000
275.000000,180.000000,120.000000,162.000000,10.400000,830.000000,765.000000,28.000000,76.240000
500.000000,0.000000,0.000000,151.000000,9.000000,1033.000000,655.000000,28.000000,69.840000
165.000000,0.000000,143.600000,163.800000,0.000000,1005.600000,900.900000,3.000000,14.400000
165.000000,128.500000,132.100000,175.100000,8.100000,1005.800000,746.600000,3.000000,19.420000
178.000000,129.800000,118.600000,179.900000,3.600000,1007.300000,746.800000,3.000000,20.730000
167.400000,129.900000,128.600000,175.500000,7.800000,1006.300000,746.600000,3.000000,14.940000
172.400000,13.600000,172.400000,156.800000,4.100000,1006.300000,856.400000,3.000000,21.290000
173.500000,50.100000,173.500000,164.800000,6.500000,1006.200000,793.500000,3.000000,23.080000
167.000000,75.400000,167.000000,164.000000,7.900000,1007.300000,770.100000,3.000000,15.520000
173.800000,93.400000,159.900000,172.300000,9.700000,1007.200000,746.600000,3.000000,15.820000
190.300000,0.000000,125.200000,166.600000,9.900000,1079.000000,798.900000,3.000000,12.550000
250.000000,0.000000,95.700000,191.800000,5.300000,948.900000,857.200000,3.000000,8.490000
213.500000,0.000000,174.200000,159.200000,11.700000,1043.600000,771.900000,3.000000,15.610000
194.700000,0.000000,100.500000,170.200000,7.500000,998.000000,901.800000,3.000000,12.180000
251.400000,0.000000,118.300000,192.900000,5.800000,1043.600000,754.300000,3.000000,11.980000
165.000000,0.000000,143.600000,163.800000,0.000000,1005.600000,900.900000,14.000000,16.880000
165.000000,128.500000,132.100000,175.100000,8.100000,1005.800000,746.600000,14.000000,33.090000
178.000000,129.800000,118.600000,179.900000,3.600000,1007.300000,746.800000,14.000000,34.240000
167.400000,129.900000,128.600000,175.500000,7.800000,1006.300000,746.600000,14.000000,31.810000
172.400000,13.600000,172.400000,156.800000,4.100000,1006.300000,856.400000,14.000000,29.750000
173.500000,50.100000,173.500000,164.800000,6.500000,1006.200000,793.500000,14.000000,33.010000
167.000000,75.400000,167.000000,164.000000,7.900000,1007.300000,770.100000,14.000000,32.900000
173.800000,93.400000,159.900000,172.300000,9.700000,1007.200000,746.600000,14.000000,29.550000
190.300000,0.000000,125.200000,166.600000,9.900000,1079.000000,798.900000,14.000000,19.420000
250.000000,0.000000,95.700000,191.800000,5.300000,948.900000,857.200000,14.000000,24.660000
213.500000,0.000000,174.200000,159.200000,11.700000,1043.600000,771.900000,14.000000,29.590000
194.700000,0.000000,100.500000,170.200000,7.500000,998.000000,901.800000,14.000000,24.280000
251.400000,0.000000,118.300000,192.900000,5.800000,1043.600000,754.300000,14.000000,20.730000
165.000000,0.000000,143.600000,163.800000,0.000000,1005.600000,900.900000,28.000000,26.200000
165.000000,128.500000,132.100000,175.100000,8.100000,1005.800000,746.600000,28.000000,46.390000
178.000000,129.800000,118.600000,179.900000,3.600000,1007.300000,746.800000,28.000000,39.160000
167.400000,129.900000,128.600000,175.500000,7.800000,1006.300000,746.600000,28.000000,41.200000
172.400000,13.600000,172.400000,156.800000,4.100000,1006.300000,856.400000,28.000000,33.690000
173.500000,50.100000,173.500000,164.800000,6.500000,1006.200000,793.500000,28.000000,38.200000
167.000000,75.400000,167.000000,164.000000,7.900000,1007.300000,770.100000,28.000000,41.410000
173.800000,93.400000,159.900000,172.300000,9.700000,1007.200000,746.600000,28.000000,37.810000
190.300000,0.000000,125.200000,166.600000,9.900000,1079.000000,798.900000,28.000000,24.850000
250.000000,0.000000,95.700000,191.800000,5.300000,948.900000,857.200000,28.000000,27.220000
213.500000,0.000000,174.200000,159.200000,11.700000,1043.600000,771.900000,28.000000,44.640000
194.700000,0.000000,100.500000,170.200000,7.500000,998.000000,901.800000,28.000000,37.270000
251.400000,0.000000,118.300000,192.900000,5.800000,1043.600000,754.300000,28.000000,33.270000
165.000000,0.000000,143.600000,163.800000,0.000000,1005.600000,900.900000,56.000000,36.560000
165.000000,128.500000,132.100000,175.100000,8.100000,1005.800000,746.600000,56.000000,53.720000
178.000000,129.800000,118.600000,179.900000,3.600000,1007.300000,746.800000,56.000000,48.590000
167.400000,129.900000,128.600000,175.500000,7.800000,1006.300000,746.600000,56.000000,51.720000
172.400000,13.600000,172.400000,156.800000,4.100000,1006.300000,856.400000,56.000000,35.850000
173.500000,50.100000,173.500000,164.800000,6.500000,1006.200000,793.500000,56.000000,53.770000
167.000000,75.400000,167.000000,164.000000,7.900000,1007.300000,770.100000,56.000000,53.460000
173.800000,93.400000,159.900000,172.300000,9.700000,1007.200000,746.600000,56.000000,48.990000
190.300000,0.000000,125.200000,166.600000,9.900000,1079.000000,798.900000,56.000000,31.720000
250.000000,0.000000,95.700000,191.800000,5.300000,948.900000,857.200000,56.000000,39.640000
213.500000,0.000000,174.200000,159.200000,11.700000,1043.600000,771.900000,56.000000,51.260000
194.700000,0.000000,100.500000,170.200000,7.500000,998.000000,901.800000,56.000000,43.390000
251.400000,0.000000,118.300000,192.900000,5.800000,1043.600000,754.300000,56.000000,39.270000
165.000000,0.000000,143.600000,163.800000,0.000000,1005.600000,900.900000,100.000000,37.960000
165.000000,128.500000,132.100000,175.100000,8.100000,1005.800000,746.600000,100.000000,55.020000
178.000000,129.800000,118.600000,179.900000,3.600000,1007.300000,746.800000,100.000000,49.990000
167.400000,129.900000,128.600000,175.500000,7.800000,1006.300000,746.600000,100.000000,53.660000
172.400000,13.600000,172.400000,156.800000,4.100000,1006.300000,856.400000,100.000000,37.680000
173.500000,50.100000,173.500000,164.800000,6.500000,1006.200000,793.500000,100.000000,56.060000
167.000000,75.400000,167.000000,164.000000,7.900000,1007.300000,770.100000,100.000000,56.810000
173.800000,93.400000,159.900000,172.300000,9.700000,1007.200000,746.600000,100.000000,50.940000
190.300000,0.000000,125.200000,166.600000,9.900000,1079.000000,798.900000,100.000000,33.560000
250.000000,0.000000,95.700000,191.800000,5.300000,948.900000,857.200000,100.000000,41.160000
213.500000,0.000000,174.200000,159.200000,11.700000,1043.600000,771.900000,100.000000,52.960000
194.700000,0.000000,100.500000,170.200000,7.500000,998.000000,901.800000,100.000000,44.280000
251.400000,0.000000,118.300000,192.900000,5.800000,1043.600000,754.300000,100.000000,40.150000
446.000000,24.000000,79.000000,162.000000,11.600000,967.000000,712.000000,28.000000,57.030000
446.000000,24.000000,79.000000,162.000000,11.600000,967.000000,712.000000,28.000000,44.420000
446.000000,24.000000,79.000000,162.000000,11.600000,967.000000,712.000000,28.000000,51.020000
446.000000,24.000000,79.000000,162.000000,10.300000,967.000000,712.000000,28.000000,53.390000
446.000000,24.000000,79.000000,162.000000,11.600000,967.000000,712.000000,3.000000,35.360000
446.000000,24.000000,79.000000,162.000000,11.600000,967.000000,712.000000,3.000000,25.020000
446.000000,24.000000,79.000000,162.000000,11.600000,967.000000,712.000000,3.000000,23.350000
446.000000,24.000000,79.000000,162.000000,11.600000,967.000000,712.000000,7.000000,52.010000
446.000000,24.000000,79.000000,162.000000,11.600000,967.000000,712.000000,7.000000,38.020000
446.000000,24.000000,79.000000,162.000000,11.600000,967.000000,712.000000,7.000000,39.300000
446.000000,24.000000,79.000000,162.000000,11.600000,967.000000,712.000000,56.000000,61.070000
446.000000,24.000000,79.000000,162.000000,11.600000,967.000000,712.000000,56.000000,56.140000
446.000000,24.000000,79.000000,162.000000,11.600000,967.000000,712.000000,56.000000,55.250000
446.000000,24.000000,79.000000,162.000000,10.300000,967.000000,712.000000,56.000000,54.770000
387.000000,20.000000,94.000000,157.000000,14.300000,938.000000,845.000000,28.000000,50.240000
387.000000,20.000000,94.000000,157.000000,13.900000,938.000000,845.000000,28.000000,46.680000
387.000000,20.000000,94.000000,157.000000,11.600000,938.000000,845.000000,28.000000,46.680000
387.000000,20.000000,94.000000,157.000000,14.300000,938.000000,845.000000,3.000000,22.750000
387.000000,20.000000,94.000000,157.000000,13.900000,938.000000,845.000000,3.000000,25.510000
387.000000,20.000000,94.000000,157.000000,11.600000,938.000000,845.000000,3.000000,34.770000
387.000000,20.000000,94.000000,157.000000,14.300000,938.000000,845.000000,7.000000,36.840000
387.000000,20.000000,94.000000,157.000000,13.900000,938.000000,845.000000,7.000000,45.900000
387.000000,20.000000,94.000000,157.000000,11.600000,938.000000,845.000000,7.000000,41.670000
387.000000,20.000000,94.000000,157.000000,14.300000,938.000000,845.000000,56.000000,56.340000
387.000000,20.000000,94.000000,157.000000,13.900000,938.000000,845.000000,56.000000,47.970000
387.000000,20.000000,94.000000,157.000000,11.600000,938.000000,845.000000,56.000000,61.460000
355.000000,19.000000,97.000000,145.000000,13.100000,967.000000,871.000000,28.000000,44.030000
355.000000,19.000000,97.000000,145.000000,12.300000,967.000000,871.000000,28.000000,55.450000
491.000000,26.000000,123.000000,210.000000,3.900000,882.000000,699.000000,28.000000,55.550000
491.000000,26.000000,123.000000,201.000000,3.900000,822.000000,699.000000,28.000000,57.920000
491.000000,26.000000,123.000000,210.000000,3.900000,882.000000,699.000000,3.000000,25.610000
491.000000,26.000000,123.000000,210.000000,3.900000,882.000000,699.000000,7.000000,33.490000
491.000000,26.000000,123.000000,210.000000,3.900000,882.000000,699.000000,56.000000,59.590000
491.000000,26.000000,123.000000,201.000000,3.900000,822.000000,699.000000,3.000000,29.550000
491.000000,26.000000,123.000000,201.000000,3.900000,822.000000,699.000000,7.000000,37.920000
491.000000,26.000000,123.000000,201.000000,3.900000,822.000000,699.000000,56.000000,61.860000
424.000000,22.000000,132.000000,178.000000,8.500000,822.000000,750.000000,28.000000,62.050000
424.000000,22.000000,132.000000,178.000000,8.500000,882.000000,750.000000,3.000000,32.010000
424.000000,22.000000,132.000000,168.000000,8.900000,822.000000,750.000000,28.000000,72.100000
424.000000,22.000000,132.000000,178.000000,8.500000,822.000000,750.000000,7.000000,39.000000
424.000000,22.000000,132.000000,178.000000,8.500000,822.000000,750.000000,56.000000,65.700000
424.000000,22.000000,132.000000,168.000000,8.900000,822.000000,750.000000,3.000000,32.110000
424.000000,22.000000,132.000000,168.000000,8.900000,822.000000,750.000000,7.000000,40.290000
424.000000,22.000000,132.000000,168.000000,8.900000,822.000000,750.000000,56.000000,74.360000
202.000000,11.000000,141.000000,206.000000,1.700000,942.000000,801.000000,28.000000,21.970000
202.000000,11.000000,141.000000,206.000000,1.700000,942.000000,801.000000,3.000000,9.850000
202.000000,11.000000,141.000000,206.000000,1.700000,942.000000,801.000000,7.000000,15.070000
202.000000,11.000000,141.000000,206.000000,1.700000,942.000000,801.000000,56.000000,23.250000
284.000000,15.000000,141.000000,179.000000,5.500000,842.000000,801.000000,28.000000,43.730000
284.000000,15.000000,141.000000,179.000000,5.500000,842.000000,801.000000,3.000000,13.400000
284.000000,15.000000,141.000000,179.000000,5.500000,842.000000,801.000000,7.000000,24.130000
284.000000,15.000000,141.000000,179.000000,5.500000,842.000000,801.000000,56.000000,44.520000
359.000000,19.000000,141.000000,154.000000,10.900000,942.000000,801.000000,28.000000,62.940000
359.000000,19.000000,141.000000,154.000000,10.900000,942.000000,801.000000,28.000000,59.490000
359.000000,19.000000,141.000000,154.000000,10.900000,942.000000,801.000000,3.000000,25.120000
359.000000,19.000000,141.000000,154.000000,10.900000,942.000000,801.000000,3.000000,23.640000
359.000000,19.000000,141.000000,154.000000,10.900000,942.000000,801.000000,7.000000,35.750000
359.000000,19.000000,141.000000,154.000000,10.900000,942.000000,801.000000,7.000000,38.610000
359.000000,19.000000,141.000000,154.000000,10.900000,942.000000,801.000000,56.000000,68.750000
359.000000,19.000000,141.000000,154.000000,10.900000,942.000000,801.000000,56.000000,66.780000
436.000000,0.000000,0.000000,218.000000,0.000000,838.400000,719.700000,28.000000,23.850000
289.000000,0.000000,0.000000,192.000000,0.000000,913.200000,895.300000,90.000000,32.070000
289.000000,0.000000,0.000000,192.000000,0.000000,913.200000,895.300000,3.000000,11.650000
393.000000,0.000000,0.000000,192.000000,0.000000,940.600000,785.600000,3.000000,19.200000
393.000000,0.000000,0.000000,192.000000,0.000000,940.600000,785.600000,90.000000,48.850000
393.000000,0.000000,0.000000,192.000000,0.000000,940.600000,785.600000,28.000000,39.600000
480.000000,0.000000,0.000000,192.000000,0.000000,936.200000,712.200000,28.000000,43.940000
480.000000,0.000000,0.000000,192.000000,0.000000,936.200000,712.200000,7.000000,34.570000
480.000000,0.000000,0.000000,192.000000,0.000000,936.200000,712.200000,90.000000,54.320000
480.000000,0.000000,0.000000,192.000000,0.000000,936.200000,712.200000,3.000000,24.400000
333.000000,0.000000,0.000000,192.000000,0.000000,931.200000,842.600000,3.000000,15.620000
255.000000,0.000000,0.000000,192.000000,0.000000,889.800000,945.000000,90.000000,21.860000
255.000000,0.000000,0.000000,192.000000,0.000000,889.800000,945.000000,7.000000,10.220000
289.000000,0.000000,0.000000,192.000000,0.000000,913.200000,895.300000,7.000000,14.600000
255.000000,0.000000,0.000000,192.000000,0.000000,889.800000,945.000000,28.000000,18.750000
333.000000,0.000000,0.000000,192.000000,0.000000,931.200000,842.600000,28.000000,31.970000
333.000000,0.000000,0.000000,192.000000,0.000000,931.200000,842.600000,7.000000,23.400000
289.000000,0.000000,0.000000,192.000000,0.000000,913.200000,895.300000,28.000000,25.570000
333.000000,0.000000,0.000000,192.000000,0.000000,931.200000,842.600000,90.000000,41.680000
393.000000,0.000000,0.000000,192.000000,0.000000,940.600000,785.600000,7.000000,27.740000
255.000000,0.000000,0.000000,192.000000,0.000000,889.800000,945.000000,3.000000,8.200000
158.800000,238.200000,0.000000,185.700000,0.000000,1040.600000,734.300000,7.000000,9.620000
239.600000,359.400000,0.000000,185.700000,0.000000,941.600000,664.300000,7.000000,25.420000
238.200000,158.800000,0.000000,185.700000,0.000000,1040.600000,734.300000,7.000000,15.690000
181.900000,272.800000,0.000000,185.700000,0.000000,1012.400000,714.300000,28.000000,27.940000
193.500000,290.200000,0.000000,185.700000,0.000000,998.200000,704.300000,28.000000,32.630000
255.500000,170.300000,0.000000,185.700000,0.000000,1026.600000,724.300000,7.000000,17.240000
272.800000,181.900000,0.000000,185.700000,0.000000,1012.400000,714.300000,7.000000,19.770000
239.600000,359.400000,0.000000,185.700000,0.000000,941.600000,664.300000,28.000000,39.440000
220.800000,147.200000,0.000000,185.700000,0.000000,1055.000000,744.300000,28.000000,25.750000
397.000000,0.000000,0.000000,185.700000,0.000000,1040.600000,734.300000,28.000000,33.080000
382.500000,0.000000,0.000000,185.700000,0.000000,1047.800000,739.300000,7.000000,24.070000
210.700000,316.100000,0.000000,185.700000,0.000000,977.000000,689.300000,7.000000,21.820000
158.800000,238.200000,0.000000,185.700000,0.000000,1040.600000,734.300000,28.000000,21.070000
295.800000,0.000000,0.000000,185.700000,0.000000,1091.400000,769.300000,7.000000,14.840000
255.500000,170.300000,0.000000,185.700000,0.000000,1026.600000,724.300000,28.000000,32.050000
203.500000,135.700000,0.000000,185.700000,0.000000,1076.200000,759.300000,7.000000,11.960000
397.000000,0.000000,0.000000,185.700000,0.000000,1040.600000,734.300000,7.000000,25.450000
381.400000,0.000000,0.000000,185.700000,0.000000,1104.600000,784.300000,28.000000,22.490000
295.800000,0.000000,0.000000,185.700000,0.000000,1091.400000,769.300000,28.000000,25.220000
228.000000,342.100000,0.000000,185.700000,0.000000,955.800000,674.300000,28.000000,39.700000
220.800000,147.200000,0.000000,185.700000,0.000000,1055.000000,744.300000,7.000000,13.090000
316.100000,210.700000,0.000000,185.700000,0.000000,977.000000,689.300000,28.000000,38.700000
135.700000,203.500000,0.000000,185.700000,0.000000,1076.200000,759.300000,7.000000,7.510000
238.100000,0.000000,0.000000,185.700000,0.000000,1118.800000,789.300000,28.000000,17.580000
339.200000,0.000000,0.000000,185.700000,0.000000,1069.200000,754.300000,7.000000,21.180000
135.700000,203.500000,0.000000,185.700000,0.000000,1076.200000,759.300000,28.000000,18.200000
193.500000,290.200000,0.000000,185.700000,0.000000,998.200000,704.300000,7.000000,17.200000
203.500000,135.700000,0.000000,185.700000,0.000000,1076.200000,759.300000,28.000000,22.630000
290.200000,193.500000,0.000000,185.700000,0.000000,998.200000,704.300000,7.000000,21.860000
181.900000,272.800000,0.000000,185.700000,0.000000,1012.400000,714.300000,7.000000,12.370000
170.300000,155.500000,0.000000,185.700000,0.000000,1026.600000,724.300000,28.000000,25.730000
210.700000,316.100000,0.000000,185.700000,0.000000,977.000000,689.300000,28.000000,37.810000
228.000000,342.100000,0.000000,185.700000,0.000000,955.800000,674.300000,7.000000,21.920000
290.200000,193.500000,0.000000,185.700000,0.000000,998.200000,704.300000,28.000000,33.040000
381.400000,0.000000,0.000000,185.700000,0.000000,1104.600000,784.300000,7.000000,14.540000
238.200000,158.800000,0.000000,185.700000,0.000000,1040.600000,734.300000,28.000000,26.910000
186.200000,124.100000,0.000000,185.700000,0.000000,1083.400000,764.300000,7.000000,8.000000
339.200000,0.000000,0.000000,185.700000,0.000000,1069.200000,754.300000,28.000000,31.900000
238.100000,0.000000,0.000000,185.700000,0.000000,1118.800000,789.300000,7.000000,10.340000
252.500000,0.000000,0.000000,185.700000,0.000000,1111.600000,784.300000,28.000000,19.770000
382.500000,0.000000,0.000000,185.700000,0.000000,1047.800000,739.300000,28.000000,37.440000
252.500000,0.000000,0.000000,185.700000,0.000000,1111.600000,784.300000,7.000000,11.480000
316.100000,210.700000,0.000000,185.700000,0.000000,977.000000,689.300000,7.000000,24.440000
186.200000,124.100000,0.000000,185.700000,0.000000,1083.400000,764.300000,28.000000,17.600000
170.300000,155.500000,0.000000,185.700000,0.000000,1026.600000,724.300000,7.000000,10.730000
272.800000,181.900000,0.000000,185.700000,0.000000,1012.400000,714.300000,28.000000,31.380000
339.000000,0.000000,0.000000,197.000000,0.000000,968.000000,781.000000,3.000000,13.220000
339.000000,0.000000,0.000000,197.000000,0.000000,968.000000,781.000000,7.000000,20.970000
339.000000,0.000000,0.000000,197.000000,0.000000,968.000000,781.000000,14.000000,27.040000
339.000000,0.000000,0.000000,197.000000,0.000000,968.000000,781.000000,28.000000,32.040000
339.000000,0.000000,0.000000,197.000000,0.000000,968.000000,781.000000,90.000000,35.170000
339.000000,0.000000,0.000000,197.000000,0.000000,968.000000,781.000000,180.000000,36.450000
339.000000,0.000000,0.000000,197.000000,0.000000,968.000000,781.000000,365.000000,38.890000
236.000000,0.000000,0.000000,194.000000,0.000000,968.000000,885.000000,3.000000,6.470000
236.000000,0.000000,0.000000,194.000000,0.000000,968.000000,885.000000,14.000000,12.840000
236.000000,0.000000,0.000000,194.000000,0.000000,968.000000,885.000000,28.000000,18.420000
236.000000,0.000000,0.000000,194.000000,0.000000,968.000000,885.000000,90.000000,21.950000
236.000000,0.000000,0.000000,193.000000,0.000000,968.000000,885.000000,180.000000,24.100000
236.000000,0.000000,0.000000,193.000000,0.000000,968.000000,885.000000,365.000000,25.080000
277.000000,0.000000,0.000000,191.000000,0.000000,968.000000,856.000000,14.000000,21.260000
277.000000,0.000000,0.000000,191.000000,0.000000,968.000000,856.000000,28.000000,25.970000
277.000000,0.000000,0.000000,191.000000,0.000000,968.000000,856.000000,3.000000,11.360000
277.000000,0.000000,0.000000,191.000000,0.000000,968.000000,856.000000,90.000000,31.250000
277.000000,0.000000,0.000000,191.000000,0.000000,968.000000,856.000000,180.000000,32.330000
277.000000,0.000000,0.000000,191.000000,0.000000,968.000000,856.000000,360.000000,33.700000
254.000000,0.000000,0.000000,198.000000,0.000000,968.000000,863.000000,3.000000,9.310000
254.000000,0.000000,0.000000,198.000000,0.000000,968.000000,863.000000,90.000000,26.940000
254.000000,0.000000,0.000000,198.000000,0.000000,968.000000,863.000000,180.000000,27.630000
254.000000,0.000000,0.000000,198.000000,0.000000,968.000000,863.000000,365.000000,29.790000
307.000000,0.000000,0.000000,193.000000,0.000000,968.000000,812.000000,180.000000,34.490000
307.000000,0.000000,0.000000,193.000000,0.000000,968.000000,812.000000,365.000000,36.150000
307.000000,0.000000,0.000000,193.000000,0.000000,968.000000,812.000000,3.000000,12.540000
307.000000,0.000000,0.000000,193.000000,0.000000,968.000000,812.000000,28.000000,27.530000
307.000000,0.000000,0.000000,193.000000,0.000000,968.000000,812.000000,90.000000,32.920000
236.000000,0.000000,0.000000,193.000000,0.000000,968.000000,885.000000,7.000000,9.990000
200.000000,0.000000,0.000000,180.000000,0.000000,1125.000000,845.000000,7.000000,7.840000
200.000000,0.000000,0.000000,180.000000,0.000000,1125.000000,845.000000,28.000000,12.250000
225.000000,0.000000,0.000000,181.000000,0.000000,1113.000000,833.000000,7.000000,11.170000
225.000000,0.000000,0.000000,181.000000,0.000000,1113.000000,833.000000,28.000000,17.340000
325.000000,0.000000,0.000000,184.000000,0.000000,1063.000000,783.000000,7.000000,17.540000
325.000000,0.000000,0.000000,184.000000,0.000000,1063.000000,783.000000,28.000000,30.570000
275.000000,0.000000,0.000000,183.000000,0.000000,1088.000000,808.000000,7.000000,14.200000
275.000000,0.000000,0.000000,183.000000,0.000000,1088.000000,808.000000,28.000000,24.500000
300.000000,0.000000,0.000000,184.000000,0.000000,1075.000000,795.000000,7.000000,15.580000
300.000000,0.000000,0.000000,184.000000,0.000000,1075.000000,795.000000,28.000000,26.850000
375.000000,0.000000,0.000000,186.000000,0.000000,1038.000000,758.000000,7.000000,26.060000
375.000000,0.000000,0.000000,186.000000,0.000000,1038.000000,758.000000,28.000000,38.210000
400.000000,0.000000,0.000000,187.000000,0.000000,1025.000000,745.000000,28.000000,43.700000
400.000000,0.000000,0.000000,187.000000,0.000000,1025.000000,745.000000,7.000000,30.140000
250.000000,0.000000,0.000000,182.000000,0.000000,1100.000000,820.000000,7.000000,12.730000
250.000000,0.000000,0.000000,182.000000,0.000000,1100.000000,820.000000,28.000000,20.870000
350.000000,0.000000,0.000000,186.000000,0.000000,1050.000000,770.000000,7.000000,20.280000
350.000000,0.000000,0.000000,186.000000,0.000000,1050.000000,770.000000,28.000000,34.290000
203.500000,305.300000,0.000000,203.500000,0.000000,963.400000,630.000000,7.000000,19.540000
250.200000,166.800000,0.000000,203.500000,0.000000,977.600000,694.100000,90.000000,47.710000
157.000000,236.000000,0.000000,192.000000,0.000000,935.400000,781.200000,90.000000,43.380000
141.300000,212.000000,0.000000,203.500000,0.000000,971.800000,748.500000,28.000000,29.890000
166.800000,250.200000,0.000000,203.500000,0.000000,975.600000,692.600000,3.000000,6.900000
122.600000,183.900000,0.000000,203.500000,0.000000,958.200000,800.100000,90.000000,33.190000
183.900000,122.600000,0.000000,203.500000,0.000000,959.200000,800.000000,3.000000,4.900000
102.000000,153.000000,0.000000,192.000000,0.000000,887.000000,942.000000,3.000000,4.570000
102.000000,153.000000,0.000000,192.000000,0.000000,887.000000,942.000000,90.000000,25.460000
122.600000,183.900000,0.000000,203.500000,0.000000,958.200000,800.100000,28.000000,24.290000
166.800000,250.200000,0.000000,203.500000,0.000000,975.600000,692.600000,28.000000,33.950000
200.000000,133.000000,0.000000,192.000000,0.000000,965.400000,806.200000,3.000000,11.410000
108.300000,162.400000,0.000000,203.500000,0.000000,938.200000,849.000000,28.000000,20.590000
305.300000,203.500000,0.000000,203.500000,0.000000,965.400000,631.000000,7.000000,25.890000
108.300000,162.400000,0.000000,203.500000,0.000000,938.200000,849.000000,90.000000,29.230000
116.000000,173.000000,0.000000,192.000000,0.000000,909.800000,891.900000,90.000000,31.020000
141.300000,212.000000,0.000000,203.500000,0.000000,971.800000,748.500000,7.000000,10.390000
157.000000,236.000000,0.000000,192.000000,0.000000,935.400000,781.200000,28.000000,33.660000
133.000000,200.000000,0.000000,192.000000,0.000000,927.400000,839.200000,28.000000,27.870000
250.200000,166.800000,0.000000,203.500000,0.000000,977.600000,694.100000,7.000000,19.350000
173.000000,116.000000,0.000000,192.000000,0.000000,946.800000,856.800000,7.000000,11.390000
192.000000,288.000000,0.000000,192.000000,0.000000,929.800000,716.100000,3.000000,12.790000
192.000000,288.000000,0.000000,192.000000,0.000000,929.800000,716.100000,28.000000,39.320000
153.000000,102.000000,0.000000,192.000000,0.000000,888.000000,943.100000,3.000000,4.780000
288.000000,192.000000,0.000000,192.000000,0.000000,932.000000,717.800000,3.000000,16.110000
305.300000,203.500000,0.000000,203.500000,0.000000,965.400000,631.000000,28.000000,43.380000
236.000000,157.000000,0.000000,192.000000,0.000000,972.600000,749.100000,7.000000,20.420000
173.000000,116.000000,0.000000,192.000000,0.000000,946.800000,856.800000,3.000000,6.940000
212.000000,141.300000,0.000000,203.500000,0.000000,973.400000,750.000000,7.000000,15.030000
236.000000,157.000000,0.000000,192.000000,0.000000,972.600000,749.100000,3.000000,13.570000
183.900000,122.600000,0.000000,203.500000,0.000000,959.200000,800.000000,90.000000,32.530000
166.800000,250.200000,0.000000,203.500000,0.000000,975.600000,692.600000,7.000000,15.750000
102.000000,153.000000,0.000000,192.000000,0.000000,887.000000,942.000000,7.000000,7.680000
288.000000,192.000000,0.000000,192.000000,0.000000,932.000000,717.800000,28.000000,38.800000
212.000000,141.300000,0.000000,203.500000,0.000000,973.400000,750.000000,28.000000,33.000000
102.000000,153.000000,0.000000,192.000000,0.000000,887.000000,942.000000,28.000000,17.280000
173.000000,116.000000,0.000000,192.000000,0.000000,946.800000,856.800000,28.000000,24.280000
183.900000,122.600000,0.000000,203.500000,0.000000,959.200000,800.000000,28.000000,24.050000
133.000000,200.000000,0.000000,192.000000,0.000000,927.400000,839.200000,90.000000,36.590000
192.000000,288.000000,0.000000,192.000000,0.000000,929.800000,716.100000,90.000000,50.730000
133.000000,200.000000,0.000000,192.000000,0.000000,927.400000,839.200000,7.000000,13.660000
305.300000,203.500000,0.000000,203.500000,0.000000,965.400000,631.000000,3.000000,14.140000
236.000000,157.000000,0.000000,192.000000,0.000000,972.600000,749.100000,90.000000,47.780000
108.300000,162.400000,0.000000,203.500000,0.000000,938.200000,849.000000,3.000000,2.330000
157.000000,236.000000,0.000000,192.000000,0.000000,935.400000,781.200000,7.000000,16.890000
288.000000,192.000000,0.000000,192.000000,0.000000,932.000000,717.800000,7.000000,23.520000
212.000000,141.300000,0.000000,203.500000,0.000000,973.400000,750.000000,3.000000,6.810000
212.000000,141.300000,0.000000,203.500000,0.000000,973.400000,750.000000,90.000000,39.700000
153.000000,102.000000,0.000000,192.000000,0.000000,888.000000,943.100000,28.000000,17.960000
236.000000,157.000000,0.000000,192.000000,0.000000,972.600000,749.100000,28.000000,32.880000
116.000000,173.000000,0.000000,192.000000,0.000000,909.800000,891.900000,28.000000,22.350000
183.900000,122.600000,0.000000,203.500000,0.000000,959.200000,800.000000,7.000000,10.790000
108.300000,162.400000,0.000000,203.500000,0.000000,938.200000,849.000000,7.000000,7.720000
203.500000,305.300000,0.000000,203.500000,0.000000,963.400000,630.000000,28.000000,41.680000
203.500000,305.300000,0.000000,203.500000,0.000000,963.400000,630.000000,3.000000,9.560000
133.000000,200.000000,0.000000,192.000000,0.000000,927.400000,839.200000,3.000000,6.880000
288.000000,192.000000,0.000000,192.000000,0.000000,932.000000,717.800000,90.000000,50.530000
200.000000,133.000000,0.000000,192.000000,0.000000,965.400000,806.200000,7.000000,17.170000
200.000000,133.000000,0.000000,192.000000,0.000000,965.400000,806.200000,28.000000,30.440000
250.200000,166.800000,0.000000,203.500000,0.000000,977.600000,694.100000,3.000000,9.730000
122.600000,183.900000,0.000000,203.500000,0.000000,958.200000,800.100000,3.000000,3.320000
153.000000,102.000000,0.000000,192.000000,0.000000,888.000000,943.100000,90.000000,26.320000
200.000000,133.000000,0.000000,192.000000,0.000000,965.400000,806.200000,90.000000,43.250000
116.000000,173.000000,0.000000,192.000000,0.000000,909.800000,891.900000,3.000000,6.280000
173.000000,116.000000,0.000000,192.000000,0.000000,946.800000,856.800000,90.000000,32.100000
250.200000,166.800000,0.000000,203.500000,0.000000,977.600000,694.100000,28.000000,36.960000
305.300000,203.500000,0.000000,203.500000,0.000000,965.400000,631.000000,90.000000,54.600000
192.000000,288.000000,0.000000,192.000000,0.000000,929.800000,716.100000,7.000000,21.480000
157.000000,236.000000,0.000000,192.000000,0.000000,935.400000,781.200000,3.000000,9.690000
153.000000,102.000000,0.000000,192.000000,0.000000,888.000000,943.100000,7.000000,8.370000
141.300000,212.000000,0.000000,203.500000,0.000000,971.800000,748.500000,90.000000,39.660000
116.000000,173.000000,0.000000,192.000000,0.000000,909.800000,891.900000,7.000000,10.090000
141.300000,212.000000,0.000000,203.500000,0.000000,971.800000,748.500000,3.000000,4.830000
122.600000,183.900000,0.000000,203.500000,0.000000,958.200000,800.100000,7.000000,10.350000
166.800000,250.200000,0.000000,203.500000,0.000000,975.600000,692.600000,90.000000,43.570000
203.500000,305.300000,0.000000,203.500000,0.000000,963.400000,630.000000,90.000000,51.860000
310.000000,0.000000,0.000000,192.000000,0.000000,1012.000000,830.000000,3.000000,11.850000
310.000000,0.000000,0.000000,192.000000,0.000000,1012.000000,830.000000,7.000000,17.240000
310.000000,0.000000,0.000000,192.000000,0.000000,1012.000000,830.000000,28.000000,27.830000
310.000000,0.000000,0.000000,192.000000,0.000000,1012.000000,830.000000,90.000000,35.760000
310.000000,0.000000,0.000000,192.000000,0.000000,1012.000000,830.000000,120.000000,38.700000
331.000000,0.000000,0.000000,192.000000,0.000000,1025.000000,821.000000,3.000000,14.310000
331.000000,0.000000,0.000000,192.000000,0.000000,1025.000000,821.000000,7.000000,17.440000
331.000000,0.000000,0.000000,192.000000,0.000000,1025.000000,821.000000,28.000000,31.740000
331.000000,0.000000,0.000000,192.000000,0.000000,1025.000000,821.000000,90.000000,37.910000
331.000000,0.000000,0.000000,192.000000,0.000000,1025.000000,821.000000,120.000000,39.380000
349.000000,0.000000,0.000000,192.000000,0.000000,1056.000000,809.000000,3.000000,15.870000
349.000000,0.000000,0.000000,192.000000,0.000000,1056.000000,809.000000,7.000000,9.010000
349.000000,0.000000,0.000000,192.000000,0.000000,1056.000000,809.000000,28.000000,33.610000
349.000000,0.000000,0.000000,192.000000,0.000000,1056.000000,809.000000,90.000000,40.660000
349.000000,0.000000,0.000000,192.000000,0.000000,1056.000000,809.000000,120.000000,40.860000
238.000000,0.000000,0.000000,186.000000,0.000000,1119.000000,789.000000,7.000000,12.050000
238.000000,0.000000,0.000000,186.000000,0.000000,1119.000000,789.000000,28.000000,17.540000
296.000000,0.000000,0.000000,186.000000,0.000000,1090.000000,769.000000,7.000000,18.910000
296.000000,0.000000,0.000000,186.000000,0.000000,1090.000000,769.000000,28.000000,25.180000
297.000000,0.000000,0.000000,186.000000,0.000000,1040.000000,734.000000,7.000000,30.960000
480.000000,0.000000,0.000000,192.000000,0.000000,936.000000,721.000000,28.000000,43.890000
480.000000,0.000000,0.000000,192.000000,0.000000,936.000000,721.000000,90.000000,54.280000
397.000000,0.000000,0.000000,186.000000,0.000000,1040.000000,734.000000,28.000000,36.940000
281.000000,0.000000,0.000000,186.000000,0.000000,1104.000000,774.000000,7.000000,14.500000
281.000000,0.000000,0.000000,185.000000,0.000000,1104.000000,774.000000,28.000000,22.440000
500.000000,0.000000,0.000000,200.000000,0.000000,1125.000000,613.000000,1.000000,12.640000
500.000000,0.000000,0.000000,200.000000,0.000000,1125.000000,613.000000,3.000000,26.060000
500.000000,0.000000,0.000000,200.000000,0.000000,1125.000000,613.000000,7.000000,33.210000
500.000000,0.000000,0.000000,200.000000,0.000000,1125.000000,613.000000,14.000000,36.940000
500.000000,0.000000,0.000000,200.000000,0.000000,1125.000000,613.000000,28.000000,44.090000
540.000000,0.000000,0.000000,173.000000,0.000000,1125.000000,613.000000,7.000000,52.610000
540.000000,0.000000,0.000000,173.000000,0.000000,1125.000000,613.000000,14.000000,59.760000
540.000000,0.000000,0.000000,173.000000,0.000000,1125.000000,613.000000,28.000000,67.310000
540.000000,0.000000,0.000000,173.000000,0.000000,1125.000000,613.000000,90.000000,69.660000
540.000000,0.000000,0.000000,173.000000,0.000000,1125.000000,613.000000,180.000000,71.620000
540.000000,0.000000,0.000000,173.000000,0.000000,1125.000000,613.000000,270.000000,74.170000
350.000000,0.000000,0.000000,203.000000,0.000000,974.000000,775.000000,7.000000,18.130000
350.000000,0.000000,0.000000,203.000000,0.000000,974.000000,775.000000,14.000000,22.530000
350.000000,0.000000,0.000000,203.000000,0.000000,974.000000,775.000000,28.000000,27.340000
350.000000,0.000000,0.000000,203.000000,0.000000,974.000000,775.000000,56.000000,29.980000
350.000000,0.000000,0.000000,203.000000,0.000000,974.000000,775.000000,90.000000,31.350000
350.000000,0.000000,0.000000,203.000000,0.000000,974.000000,775.000000,180.000000,32.720000
385.000000,0.000000,0.000000,186.000000,0.000000,966.000000,763.000000,1.000000,6.270000
385.000000,0.000000,0.000000,186.000000,0.000000,966.000000,763.000000,3.000000,14.700000
385.000000,0.000000,0.000000,186.000000,0.000000,966.000000,763.000000,7.000000,23.220000
385.000000,0.000000,0.000000,186.000000,0.000000,966.000000,763.000000,14.000000,27.920000
385.000000,0.000000,0.000000,186.000000,0.000000,966.000000,763.000000,28.000000,31.350000
331.000000,0.000000,0.000000,192.000000,0.000000,978.000000,825.000000,180.000000,39.000000
331.000000,0.000000,0.000000,192.000000,0.000000,978.000000,825.000000,360.000000,41.240000
349.000000,0.000000,0.000000,192.000000,0.000000,1047.000000,806.000000,3.000000,14.990000
331.000000,0.000000,0.000000,192.000000,0.000000,978.000000,825.000000,3.000000,13.520000
382.000000,0.000000,0.000000,186.000000,0.000000,1047.000000,739.000000,7.000000,24.000000
382.000000,0.000000,0.000000,186.000000,0.000000,1047.000000,739.000000,28.000000,37.420000
382.000000,0.000000,0.000000,186.000000,0.000000,1111.000000,784.000000,7.000000,11.470000
281.000000,0.000000,0.000000,186.000000,0.000000,1104.000000,774.000000,28.000000,22.440000
339.000000,0.000000,0.000000,185.000000,0.000000,1069.000000,754.000000,7.000000,21.160000
339.000000,0.000000,0.000000,185.000000,0.000000,1069.000000,754.000000,28.000000,31.840000
295.000000,0.000000,0.000000,185.000000,0.000000,1069.000000,769.000000,7.000000,14.800000
295.000000,0.000000,0.000000,185.000000,0.000000,1069.000000,769.000000,28.000000,25.180000
238.000000,0.000000,0.000000,185.000000,0.000000,1118.000000,789.000000,28.000000,17.540000
296.000000,0.000000,0.000000,192.000000,0.000000,1085.000000,765.000000,7.000000,14.200000
296.000000,0.000000,0.000000,192.000000,0.000000,1085.000000,765.000000,28.000000,21.650000
296.000000,0.000000,0.000000,192.000000,0.000000,1085.000000,765.000000,90.000000,29.390000
331.000000,0.000000,0.000000,192.000000,0.000000,879.000000,825.000000,3.000000,13.520000
331.000000,0.000000,0.000000,192.000000,0.000000,978.000000,825.000000,7.000000,16.260000
331.000000,0.000000,0.000000,192.000000,0.000000,978.000000,825.000000,28.000000,31.450000
331.000000,0.000000,0.000000,192.000000,0.000000,978.000000,825.000000,90.000000,37.230000
349.000000,0.000000,0.000000,192.000000,0.000000,1047.000000,806.000000,7.000000,18.130000
349.000000,0.000000,0.000000,192.000000,0.000000,1047.000000,806.000000,28.000000,32.720000
349.000000,0.000000,0.000000,192.000000,0.000000,1047.000000,806.000000,90.000000,39.490000
349.000000,0.000000,0.000000,192.000000,0.000000,1047.000000,806.000000,180.000000,41.050000
349.000000,0.000000,0.000000,192.000000,0.000000,1047.000000,806.000000,360.000000,42.130000
302.000000,0.000000,0.000000,203.000000,0.000000,974.000000,817.000000,14.000000,18.130000
302.000000,0.000000,0.000000,203.000000,0.000000,974.000000,817.000000,180.000000,26.740000
525.000000,0.000000,0.000000,189.000000,0.000000,1125.000000,613.000000,180.000000,61.920000
500.000000,0.000000,0.000000,200.000000,0.000000,1125.000000,613.000000,90.000000,47.220000
500.000000,0.000000,0.000000,200.000000,0.000000,1125.000000,613.000000,180.000000,51.040000
500.000000,0.000000,0.000000,200.000000,0.000000,1125.000000,613.000000,270.000000,55.160000
540.000000,0.000000,0.000000,173.000000,0.000000,1125.000000,613.000000,3.000000,41.640000
252.000000,0.000000,0.000000,185.000000,0.000000,1111.000000,784.000000,7.000000,13.710000
252.000000,0.000000,0.000000,185.000000,0.000000,1111.000000,784.000000,28.000000,19.690000
339.000000,0.000000,0.000000,185.000000,0.000000,1060.000000,754.000000,28.000000,31.650000
393.000000,0.000000,0.000000,192.000000,0.000000,940.000000,758.000000,3.000000,19.110000
393.000000,0.000000,0.000000,192.000000,0.000000,940.000000,758.000000,28.000000,39.580000
393.000000,0.000000,0.000000,192.000000,0.000000,940.000000,758.000000,90.000000,48.790000
382.000000,0.000000,0.000000,185.000000,0.000000,1047.000000,739.000000,7.000000,24.000000
382.000000,0.000000,0.000000,185.000000,0.000000,1047.000000,739.000000,28.000000,37.420000
252.000000,0.000000,0.000000,186.000000,0.000000,1111.000000,784.000000,7.000000,11.470000
252.000000,0.000000,0.000000,185.000000,0.000000,1111.000000,784.000000,28.000000,19.690000
310.000000,0.000000,0.000000,192.000000,0.000000,970.000000,850.000000,7.000000,14.990000
310.000000,0.000000,0.000000,192.000000,0.000000,970.000000,850.000000,28.000000,27.920000
310.000000,0.000000,0.000000,192.000000,0.000000,970.000000,850.000000,90.000000,34.680000
310.000000,0.000000,0.000000,192.000000,0.000000,970.000000,850.000000,180.000000,37.330000
310.000000,0.000000,0.000000,192.000000,0.000000,970.000000,850.000000,360.000000,38.110000
525.000000,0.000000,0.000000,189.000000,0.000000,1125.000000,613.000000,3.000000,33.800000
525.000000,0.000000,0.000000,189.000000,0.000000,1125.000000,613.000000,7.000000,42.420000
525.000000,0.000000,0.000000,189.000000,0.000000,1125.000000,613.000000,14.000000,48.400000
525.000000,0.000000,0.000000,189.000000,0.000000,1125.000000,613.000000,28.000000,55.940000
525.000000,0.000000,0.000000,189.000000,0.000000,1125.000000,613.000000,90.000000,58.780000
525.000000,0.000000,0.000000,189.000000,0.000000,1125.000000,613.000000,270.000000,67.110000
322.000000,0.000000,0.000000,203.000000,0.000000,974.000000,800.000000,14.000000,20.770000
322.000000,0.000000,0.000000,203.000000,0.000000,974.000000,800.000000,28.000000,25.180000
322.000000,0.000000,0.000000,203.000000,0.000000,974.000000,800.000000,180.000000,29.590000
302.000000,0.000000,0.000000,203.000000,0.000000,974.000000,817.000000,28.000000,21.750000
397.000000,0.000000,0.000000,185.000000,0.000000,1040.000000,734.000000,28.000000,39.090000
480.000000,0.000000,0.000000,192.000000,0.000000,936.000000,721.000000,3.000000,24.390000
522.000000,0.000000,0.000000,146.000000,0.000000,896.000000,896.000000,7.000000,50.510000
522.000000,0.000000,0.000000,146.000000,0.000000,896.000000,896.000000,28.000000,74.990000
273.000000,105.000000,82.000000,210.000000,9.000000,904.000000,680.000000,28.000000,37.170000
162.000000,190.000000,148.000000,179.000000,19.000000,838.000000,741.000000,28.000000,33.760000
154.000000,144.000000,112.000000,220.000000,10.000000,923.000000,658.000000,28.000000,16.500000
147.000000,115.000000,89.000000,202.000000,9.000000,860.000000,829.000000,28.000000,19.990000
152.000000,178.000000,139.000000,168.000000,18.000000,944.000000,695.000000,28.000000,36.350000
310.000000,143.000000,111.000000,168.000000,22.000000,914.000000,651.000000,28.000000,33.690000
144.000000,0.000000,175.000000,158.000000,18.000000,943.000000,844.000000,28.000000,15.420000
304.000000,140.000000,0.000000,214.000000,6.000000,895.000000,722.000000,28.000000,33.420000
374.000000,0.000000,0.000000,190.000000,7.000000,1013.000000,730.000000,28.000000,39.050000
159.000000,149.000000,116.000000,175.000000,15.000000,953.000000,720.000000,28.000000,27.680000
153.000000,239.000000,0.000000,200.000000,6.000000,1002.000000,684.000000,28.000000,26.860000
310.000000,143.000000,0.000000,168.000000,10.000000,914.000000,804.000000,28.000000,45.300000
305.000000,0.000000,100.000000,196.000000,10.000000,959.000000,705.000000,28.000000,30.120000
151.000000,0.000000,184.000000,167.000000,12.000000,991.000000,772.000000,28.000000,15.570000
142.000000,167.000000,130.000000,174.000000,11.000000,883.000000,785.000000,28.000000,44.610000
298.000000,137.000000,107.000000,201.000000,6.000000,878.000000,655.000000,28.000000,53.520000
321.000000,164.000000,0.000000,190.000000,5.000000,870.000000,774.000000,28.000000,57.210000
366.000000,187.000000,0.000000,191.000000,7.000000,824.000000,757.000000,28.000000,65.910000
280.000000,129.000000,100.000000,172.000000,9.000000,825.000000,805.000000,28.000000,52.820000
252.000000,97.000000,76.000000,194.000000,8.000000,835.000000,821.000000,28.000000,33.400000
165.000000,0.000000,150.000000,182.000000,12.000000,1023.000000,729.000000,28.000000,18.030000
156.000000,243.000000,0.000000,180.000000,11.000000,1022.000000,698.000000,28.000000,37.360000
160.000000,188.000000,146.000000,203.000000,11.000000,829.000000,710.000000,28.000000,32.840000
298.000000,0.000000,107.000000,186.000000,6.000000,879.000000,815.000000,28.000000,42.640000
318.000000,0.000000,126.000000,210.000000,6.000000,861.000000,737.000000,28.000000,40.060000
287.000000,121.000000,94.000000,188.000000,9.000000,904.000000,696.000000,28.000000,41.940000
326.000000,166.000000,0.000000,174.000000,9.000000,882.000000,790.000000,28.000000,61.230000
356.000000,0.000000,142.000000,193.000000,11.000000,801.000000,778.000000,28.000000,40.870000
132.000000,207.000000,161.000000,179.000000,5.000000,867.000000,736.000000,28.000000,33.300000
322.000000,149.000000,0.000000,186.000000,8.000000,951.000000,709.000000,28.000000,52.420000
164.000000,0.000000,200.000000,181.000000,13.000000,849.000000,846.000000,28.000000,15.090000
314.000000,0.000000,113.000000,170.000000,10.000000,925.000000,783.000000,28.000000,38.460000
321.000000,0.000000,128.000000,182.000000,11.000000,870.000000,780.000000,28.000000,37.260000
140.000000,164.000000,128.000000,237.000000,6.000000,869.000000,656.000000,28.000000,35.230000
288.000000,121.000000,0.000000,177.000000,7.000000,908.000000,829.000000,28.000000,42.130000
298.000000,0.000000,107.000000,210.000000,11.000000,880.000000,744.000000,28.000000,31.870000
265.000000,111.000000,86.000000,195.000000,6.000000,833.000000,790.000000,28.000000,41.540000
160.000000,250.000000,0.000000,168.000000,12.000000,1049.000000,688.000000,28.000000,39.450000
166.000000,260.000000,0.000000,183.000000,13.000000,859.000000,827.000000,28.000000,37.910000
276.000000,116.000000,90.000000,180.000000,9.000000,870.000000,768.000000,28.000000,44.280000
322.000000,0.000000,116.000000,196.000000,10.000000,818.000000,813.000000,28.000000,31.180000
149.000000,139.000000,109.000000,193.000000,6.000000,892.000000,780.000000,28.000000,23.690000
159.000000,187.000000,0.000000,176.000000,11.000000,990.000000,789.000000,28.000000,32.760000
261.000000,100.000000,78.000000,201.000000,9.000000,864.000000,761.000000,28.000000,32.400000
237.000000,92.000000,71.000000,247.000000,6.000000,853.000000,695.000000,28.000000,28.630000
313.000000,0.000000,113.000000,178.000000,8.000000,1002.000000,689.000000,28.000000,36.800000
155.000000,183.000000,0.000000,193.000000,9.000000,1047.000000,697.000000,28.000000,18.280000
146.000000,230.000000,0.000000,202.000000,3.000000,827.000000,872.000000,28.000000,33.060000
296.000000,0.000000,107.000000,221.000000,11.000000,819.000000,778.000000,28.000000,31.420000
133.000000,210.000000,0.000000,196.000000,3.000000,949.000000,795.000000,28.000000,31.030000
313.000000,145.000000,0.000000,178.000000,8.000000,867.000000,824.000000,28.000000,44.390000
152.000000,0.000000,112.000000,184.000000,8.000000,992.000000,816.000000,28.000000,12.180000
153.000000,145.000000,113.000000,178.000000,8.000000,1002.000000,689.000000,28.000000,25.560000
140.000000,133.000000,103.000000,200.000000,7.000000,916.000000,753.000000,28.000000,36.440000
149.000000,236.000000,0.000000,176.000000,13.000000,847.000000,893.000000,28.000000,32.960000
300.000000,0.000000,120.000000,212.000000,10.000000,878.000000,728.000000,28.000000,23.840000
153.000000,145.000000,113.000000,178.000000,8.000000,867.000000,824.000000,28.000000,26.230000
148.000000,0.000000,137.000000,158.000000,16.000000,1002.000000,830.000000,28.000000,17.950000
326.000000,0.000000,138.000000,199.000000,11.000000,801.000000,792.000000,28.000000,40.680000
153.000000,145.000000,0.000000,178.000000,8.000000,1000.000000,822.000000,28.000000,19.010000
262.000000,111.000000,86.000000,195.000000,5.000000,895.000000,733.000000,28.000000,33.720000
158.000000,0.000000,195.000000,220.000000,11.000000,898.000000,713.000000,28.000000,8.540000
151.000000,0.000000,185.000000,167.000000,16.000000,1074.000000,678.000000,28.000000,13.460000
273.000000,0.000000,90.000000,199.000000,11.000000,931.000000,762.000000,28.000000,32.240000
149.000000,118.000000,92.000000,183.000000,7.000000,953.000000,780.000000,28.000000,23.520000
143.000000,169.000000,143.000000,191.000000,8.000000,967.000000,643.000000,28.000000,29.720000
260.000000,101.000000,78.000000,171.000000,10.000000,936.000000,763.000000,28.000000,49.770000
313.000000,161.000000,0.000000,178.000000,10.000000,917.000000,759.000000,28.000000,52.440000
284.000000,120.000000,0.000000,168.000000,7.000000,970.000000,794.000000,28.000000,40.930000
336.000000,0.000000,0.000000,182.000000,3.000000,986.000000,817.000000,28.000000,44.860000
145.000000,0.000000,134.000000,181.000000,11.000000,979.000000,812.000000,28.000000,13.200000
150.000000,237.000000,0.000000,174.000000,12.000000,1069.000000,675.000000,28.000000,37.430000
144.000000,170.000000,133.000000,192.000000,8.000000,814.000000,805.000000,28.000000,29.870000
331.000000,170.000000,0.000000,195.000000,8.000000,811.000000,802.000000,28.000000,56.610000
155.000000,0.000000,143.000000,193.000000,9.000000,1047.000000,697.000000,28.000000,12.460000
155.000000,183.000000,0.000000,193.000000,9.000000,877.000000,868.000000,28.000000,23.790000
135.000000,0.000000,166.000000,180.000000,10.000000,961.000000,805.000000,28.000000,13.290000
266.000000,112.000000,87.000000,178.000000,10.000000,910.000000,745.000000,28.000000,39.420000
314.000000,145.000000,113.000000,179.000000,8.000000,869.000000,690.000000,28.000000,46.230000
313.000000,145.000000,0.000000,127.000000,8.000000,1000.000000,822.000000,28.000000,44.520000
146.000000,173.000000,0.000000,182.000000,3.000000,986.000000,817.000000,28.000000,23.740000
144.000000,136.000000,106.000000,178.000000,7.000000,941.000000,774.000000,28.000000,26.140000
148.000000,0.000000,182.000000,181.000000,15.000000,839.000000,884.000000,28.000000,15.520000
277.000000,117.000000,91.000000,191.000000,7.000000,946.000000,666.000000,28.000000,43.570000
298.000000,0.000000,107.000000,164.000000,13.000000,953.000000,784.000000,28.000000,35.860000
313.000000,145.000000,0.000000,178.000000,8.000000,1002.000000,689.000000,28.000000,41.050000
155.000000,184.000000,143.000000,194.000000,9.000000,880.000000,699.000000,28.000000,28.990000
289.000000,134.000000,0.000000,195.000000,6.000000,924.000000,760.000000,28.000000,46.240000
148.000000,175.000000,0.000000,171.000000,2.000000,1000.000000,828.000000,28.000000,26.920000
145.000000,0.000000,179.000000,202.000000,8.000000,824.000000,869.000000,28.000000,10.540000
313.000000,0.000000,0.000000,178.000000,8.000000,1000.000000,822.000000,28.000000,25.100000
136.000000,162.000000,126.000000,172.000000,10.000000,923.000000,764.000000,28.000000,29.070000
155.000000,0.000000,143.000000,193.000000,9.000000,877.000000,868.000000,28.000000,9.740000
255.000000,99.000000,77.000000,189.000000,6.000000,919.000000,749.000000,28.000000,33.800000
162.000000,207.000000,172.000000,216.000000,10.000000,822.000000,638.000000,28.000000,39.840000
136.000000,196.000000,98.000000,199.000000,6.000000,847.000000,783.000000,28.000000,26.970000
164.000000,163.000000,128.000000,197.000000,8.000000,961.000000,641.000000,28.000000,27.230000
162.000000,214.000000,164.000000,202.000000,10.000000,820.000000,680.000000,28.000000,30.650000
157.000000,214.000000,152.000000,200.000000,9.000000,819.000000,704.000000,28.000000,33.050000
149.000000,153.000000,194.000000,192.000000,8.000000,935.000000,623.000000,28.000000,24.580000
135.000000,105.000000,193.000000,196.000000,6.000000,965.000000,643.000000,28.000000,21.910000
159.000000,209.000000,161.000000,201.000000,7.000000,848.000000,669.000000,28.000000,30.880000
144.000000,15.000000,195.000000,176.000000,6.000000,1021.000000,709.000000,28.000000,15.340000
154.000000,174.000000,185.000000,228.000000,7.000000,845.000000,612.000000,28.000000,24.340000
167.000000,187.000000,195.000000,185.000000,7.000000,898.000000,636.000000,28.000000,23.890000
184.000000,86.000000,190.000000,213.000000,6.000000,923.000000,623.000000,28.000000,22.930000
156.000000,178.000000,187.000000,221.000000,7.000000,854.000000,614.000000,28.000000,29.410000
236.900000,91.700000,71.500000,246.900000,6.000000,852.900000,695.400000,28.000000,28.630000
313.300000,0.000000,113.000000,178.500000,8.000000,1001.900000,688.700000,28.000000,36.800000
154.800000,183.400000,0.000000,193.300000,9.100000,1047.400000,696.700000,28.000000,18.290000
145.900000,230.500000,0.000000,202.500000,3.400000,827.000000,871.800000,28.000000,32.720000
296.000000,0.000000,106.700000,221.400000,10.500000,819.200000,778.400000,28.000000,31.420000
133.100000,210.200000,0.000000,195.700000,3.100000,949.400000,795.300000,28.000000,28.940000
313.300000,145.000000,0.000000,178.500000,8.000000,867.200000,824.000000,28.000000,40.930000
151.600000,0.000000,111.900000,184.400000,7.900000,992.000000,815.900000,28.000000,12.180000
153.100000,145.000000,113.000000,178.500000,8.000000,1001.900000,688.700000,28.000000,25.560000
139.900000,132.600000,103.300000,200.300000,7.400000,916.000000,753.400000,28.000000,36.440000
149.500000,236.000000,0.000000,175.800000,12.600000,846.800000,892.700000,28.000000,32.960000
299.800000,0.000000,119.800000,211.500000,9.900000,878.200000,727.600000,28.000000,23.840000
153.100000,145.000000,113.000000,178.500000,8.000000,867.200000,824.000000,28.000000,26.230000
148.100000,0.000000,136.600000,158.100000,16.100000,1001.800000,830.100000,28.000000,17.960000
326.500000,0.000000,137.900000,199.000000,10.800000,801.100000,792.500000,28.000000,38.630000
152.700000,144.700000,0.000000,178.100000,8.000000,999.700000,822.200000,28.000000,19.010000
261.900000,110.500000,86.100000,195.400000,5.000000,895.200000,732.600000,28.000000,33.720000
158.400000,0.000000,194.900000,219.700000,11.000000,897.700000,712.900000,28.000000,8.540000
150.700000,0.000000,185.300000,166.700000,15.600000,1074.500000,678.000000,28.000000,13.460000
272.600000,0.000000,89.600000,198.700000,10.600000,931.300000,762.200000,28.000000,32.250000
149.000000,117.600000,91.700000,182.900000,7.100000,953.400000,780.300000,28.000000,23.520000
143.000000,169.400000,142.700000,190.700000,8.400000,967.400000,643.500000,28.000000,29.730000
259.900000,100.600000,78.400000,170.600000,10.400000,935.700000,762.900000,28.000000,49.770000
312.900000,160.500000,0.000000,177.600000,9.600000,916.600000,759.500000,28.000000,52.450000
284.000000,119.700000,0.000000,168.300000,7.200000,970.400000,794.200000,28.000000,40.930000
336.500000,0.000000,0.000000,181.900000,3.400000,985.800000,816.800000,28.000000,44.870000
144.800000,0.000000,133.600000,180.800000,11.100000,979.500000,811.500000,28.000000,13.200000
150.000000,236.800000,0.000000,173.800000,11.900000,1069.300000,674.800000,28.000000,37.430000
143.700000,170.200000,132.600000,191.600000,8.500000,814.100000,805.300000,28.000000,29.870000
330.500000,169.600000,0.000000,194.900000,8.100000,811.000000,802.300000,28.000000,56.620000
154.800000,0.000000,142.800000,193.300000,9.100000,1047.400000,696.700000,28.000000,12.460000
154.800000,183.400000,0.000000,193.300000,9.100000,877.200000,867.700000,28.000000,23.790000
134.700000,0.000000,165.700000,180.200000,10.000000,961.000000,804.900000,28.000000,13.290000
266.200000,112.300000,87.500000,177.900000,10.400000,909.700000,744.500000,28.000000,39.420000
314.000000,145.300000,113.200000,178.900000,8.000000,869.100000,690.200000,28.000000,46.230000
312.700000,144.700000,0.000000,127.300000,8.000000,999.700000,822.200000,28.000000,44.520000
145.700000,172.600000,0.000000,181.900000,3.400000,985.800000,816.800000,28.000000,23.740000
143.800000,136.300000,106.200000,178.100000,7.500000,941.500000,774.300000,28.000000,26.150000
148.100000,0.000000,182.100000,181.400000,15.000000,838.900000,884.300000,28.000000,15.530000
277.000000,116.800000,91.000000,190.600000,7.000000,946.500000,665.600000,28.000000,43.580000
298.100000,0.000000,107.500000,163.600000,12.800000,953.200000,784.000000,28.000000,35.870000
313.300000,145.000000,0.000000,178.500000,8.000000,1001.900000,688.700000,28.000000,41.050000
155.200000,183.900000,143.200000,193.800000,9.200000,879.600000,698.500000,28.000000,28.990000
289.000000,133.700000,0.000000,194.900000,5.500000,924.100000,760.100000,28.000000,46.250000
147.800000,175.100000,0.000000,171.200000,2.200000,1000.000000,828.500000,28.000000,26.920000
145.400000,0.000000,178.900000,201.700000,7.800000,824.000000,868.700000,28.000000,10.540000
312.700000,0.000000,0.000000,178.100000,8.000000,999.700000,822.200000,28.000000,25.100000
136.400000,161.600000,125.800000,171.600000,10.400000,922.600000,764.400000,28.000000,29.070000
154.800000,0.000000,142.800000,193.300000,9.100000,877.200000,867.700000,28.000000,9.740000
255.300000,98.800000,77.000000,188.600000,6.500000,919.000000,749.300000,28.000000,33.800000
272.800000,105.100000,81.800000,209.700000,9.000000,904.000000,679.700000,28.000000,37.170000
162.000000,190.100000,148.100000,178.800000,18.800000,838.100000,741.400000,28.000000,33.760000
153.600000,144.200000,112.300000,220.100000,10.100000,923.200000,657.900000,28.000000,16.500000
146.500000,114.600000,89.300000,201.900000,8.800000,860.000000,829.500000,28.000000,19.990000
151.800000,178.100000,138.700000,167.500000,18.300000,944.000000,694.600000,28.000000,36.350000
309.900000,142.800000,111.200000,167.800000,22.100000,913.900000,651.200000,28.000000,38.220000
143.600000,0.000000,174.900000,158.400000,17.900000,942.700000,844.500000,28.000000,15.420000
303.600000,139.900000,0.000000,213.500000,6.200000,895.500000,722.500000,28.000000,33.420000
374.300000,0.000000,0.000000,190.200000,6.700000,1013.200000,730.400000,28.000000,39.060000
158.600000,148.900000,116.000000,175.100000,15.000000,953.300000,719.700000,28.000000,27.680000
152.600000,238.700000,0.000000,200.000000,6.300000,1001.800000,683.900000,28.000000,26.860000
310.000000,142.800000,0.000000,167.900000,10.000000,914.300000,804.000000,28.000000,45.300000
304.800000,0.000000,99.600000,196.000000,9.800000,959.400000,705.200000,28.000000,30.120000
150.900000,0.000000,183.900000,166.600000,11.600000,991.200000,772.200000,28.000000,15.570000
141.900000,166.600000,129.700000,173.500000,10.900000,882.600000,785.300000,28.000000,44.610000
297.800000,137.200000,106.900000,201.300000,6.000000,878.400000,655.300000,28.000000,53.520000
321.300000,164.200000,0.000000,190.500000,4.600000,870.000000,774.000000,28.000000,57.220000
366.000000,187.000000,0.000000,191.300000,6.600000,824.300000,756.900000,28.000000,65.910000
279.800000,128.900000,100.400000,172.400000,9.500000,825.100000,804.900000,28.000000,52.830000
252.100000,97.100000,75.600000,193.800000,8.300000,835.500000,821.400000,28.000000,33.400000
164.600000,0.000000,150.400000,181.600000,11.700000,1023.300000,728.900000,28.000000,18.030000
155.600000,243.500000,0.000000,180.300000,10.700000,1022.000000,697.700000,28.000000,37.360000
160.200000,188.000000,146.400000,203.200000,11.300000,828.700000,709.700000,28.000000,35.310000
298.100000,0.000000,107.000000,186.400000,6.100000,879.000000,815.200000,28.000000,42.640000
317.900000,0.000000,126.500000,209.700000,5.700000,860.500000,736.600000,28.000000,40.060000
287.300000,120.500000,93.900000,187.600000,9.200000,904.400000,695.900000,28.000000,43.800000
325.600000,166.400000,0.000000,174.000000,8.900000,881.600000,790.000000,28.000000,61.240000
355.900000,0.000000,141.600000,193.300000,11.000000,801.400000,778.400000,28.000000,40.870000
132.000000,206.500000,160.900000,178.900000,5.500000,866.900000,735.600000,28.000000,33.310000
322.500000,148.600000,0.000000,185.800000,8.500000,951.000000,709.500000,28.000000,52.430000
164.200000,0.000000,200.100000,181.200000,12.600000,849.300000,846.000000,28.000000,15.090000
313.800000,0.000000,112.600000,169.900000,10.100000,925.300000,782.900000,28.000000,38.460000
321.400000,0.000000,127.900000,182.500000,11.500000,870.100000,779.700000,28.000000,37.270000
139.700000,163.900000,127.700000,236.700000,5.800000,868.600000,655.600000,28.000000,35.230000
288.400000,121.000000,0.000000,177.400000,7.000000,907.900000,829.500000,28.000000,42.140000
298.200000,0.000000,107.000000,209.700000,11.100000,879.600000,744.200000,28.000000,31.880000
264.500000,111.000000,86.500000,195.500000,5.900000,832.600000,790.400000,28.000000,41.540000
159.800000,250.000000,0.000000,168.400000,12.200000,1049.300000,688.200000,28.000000,39.460000
166.000000,259.700000,0.000000,183.200000,12.700000,858.800000,826.800000,28.000000,37.920000
276.400000,116.000000,90.300000,179.600000,8.900000,870.100000,768.300000,28.000000,44.280000
322.200000,0.000000,115.600000,196.000000,10.400000,817.900000,813.400000,28.000000,31.180000
148.500000,139.400000,108.600000,192.700000,6.100000,892.400000,780.000000,28.000000,23.700000
159.100000,186.700000,0.000000,175.600000,11.300000,989.600000,788.900000,28.000000,32.770000
260.900000,100.500000,78.300000,200.600000,8.600000,864.500000,761.500000,28.000000,32.400000
